disease,support,precision,recall,f1,class_id_for_mapping,disease_name,display_disease
class_108,23.0,0.8461538461538461,0.9565217391304348,0.8979591836734694,108,tungiasis,tungiasis
class_81,27.0,0.88,0.8148148148148148,0.8461538461538461,81,porokeratosis actinic,porokeratosis actinic
class_71,23.0,0.8,0.8695652173913043,0.8333333333333334,71,papilomatosis confluentes and reticulate,papilomatosis confluentes and reticulate
class_36,27.0,0.84,0.7777777777777778,0.8076923076923077,36,hailey hailey disease,hailey hailey disease
class_80,41.0,0.6862745098039216,0.8536585365853658,0.7608695652173914,80,pityriasis rubra pilaris,pityriasis rubra pilaris
class_73,22.0,0.6060606060606061,0.9090909090909092,0.7272727272727273,73,pediculosis lids,pediculosis lids
class_46,13.0,0.8888888888888888,0.6153846153846154,0.7272727272727273,46,lentigo maligna,lentigo maligna
class_43,22.0,0.7272727272727273,0.7272727272727273,0.7272727272727273,43,keloid,keloid
class_104,18.0,0.6842105263157895,0.7222222222222222,0.7027027027027027,104,syringoma,syringoma
class_23,20.0,0.5666666666666667,0.85,0.68,23,ehlers danlos syndrome,ehlers danlos syndrome
class_49,14.0,0.8,0.5714285714285714,0.6666666666666666,49,lichen simplex,lichen simplex
class_62,10.0,1.0,0.5,0.6666666666666666,62,naevus comedonicus,naevus comedonicus
class_64,38.0,0.58,0.7631578947368421,0.6590909090909091,64,nematode infection,nematode infection
class_27,8.0,0.8,0.5,0.6153846153846154,27,erythema elevatum diutinum,erythema elevatum diutinum
class_30,9.0,1.0,0.4444444444444444,0.6153846153846154,30,factitial dermatitis,factitial dermatitis
class_85,25.0,0.5294117647058824,0.72,0.6101694915254238,85,prurigo nodularis,prurigo nodularis
class_2,51.0,0.5925925925925926,0.6274509803921569,0.6095238095238096,2,acne vulgaris,acne vulgaris
class_10,10.0,0.6,0.6,0.6,10,becker nevus,becker nevus
class_4,14.0,1.0,0.4285714285714285,0.6,4,acrodermatitis enteropathica,acrodermatitis enteropathica
class_33,16.0,0.5238095238095238,0.6875,0.5945945945945946,33,fordyce spots,fordyce spots
class_79,28.0,0.6153846153846154,0.5714285714285714,0.5925925925925926,79,pityriasis rosea,pityriasis rosea
class_18,9.0,0.625,0.5555555555555556,0.5882352941176471,18,disseminated actinic porokeratosis,disseminated actinic porokeratosis
class_92,51.0,0.5882352941176471,0.5882352941176471,0.5882352941176471,92,scabies,scabies
class_111,24.0,0.6190476190476191,0.5416666666666666,0.5777777777777777,111,vitiligo,vitiligo
class_61,9.0,0.8,0.4444444444444444,0.5714285714285714,61,myiasis,myiasis
class_66,27.0,0.6363636363636364,0.5185185185185185,0.5714285714285714,66,neurofibromatosis,neurofibromatosis
class_89,14.0,0.4761904761904761,0.7142857142857143,0.5714285714285714,89,rhinophyma,rhinophyma
class_42,21.0,0.5789473684210527,0.5238095238095238,0.55,42,kaposi sarcoma,kaposi sarcoma
class_78,10.0,0.4375,0.7,0.5384615384615384,78,pityriasis lichenoides chronica,pityriasis lichenoides chronica
class_63,18.0,0.4782608695652174,0.6111111111111112,0.5365853658536586,63,necrobiosis lipoidica,necrobiosis lipoidica
class_107,21.0,0.55,0.5238095238095238,0.5365853658536586,107,tuberous sclerosis,tuberous sclerosis
class_50,9.0,0.5,0.5555555555555556,0.5263157894736842,50,livedo reticularis,livedo reticularis
class_48,74.0,0.5522388059701493,0.5,0.524822695035461,48,lichen planus,lichen planus
class_45,9.0,0.4285714285714285,0.6666666666666666,0.5217391304347826,45,langerhans cell histiocytosis,langerhans cell histiocytosis
class_26,13.0,0.6,0.4615384615384615,0.5217391304347826,26,erythema annulare centrifigum,erythema annulare centrifigum
class_24,14.0,0.6666666666666666,0.4285714285714285,0.5217391304347826,24,epidermal nevus,epidermal nevus
class_35,11.0,0.5,0.5454545454545454,0.5217391304347826,35,granuloma pyogenic,granuloma pyogenic
class_68,55.0,0.4918032786885246,0.5454545454545454,0.5172413793103449,68,neutrophilic dermatoses,neutrophilic dermatoses
class_0,13.0,0.4444444444444444,0.6153846153846154,0.5161290322580645,0,acanthosis nigricans,acanthosis nigricans
class_94,15.0,0.5384615384615384,0.4666666666666667,0.5,94,scleromyxedema,scleromyxedema
class_98,88.0,0.5125,0.4659090909090909,0.4880952380952381,98,squamous cell carcinoma,squamous cell carcinoma
class_32,51.0,0.3584905660377358,0.7450980392156863,0.4840764331210191,32,folliculitis,folliculitis
class_47,11.0,0.4285714285714285,0.5454545454545454,0.48,47,lichen amyloidosis,lichen amyloidosis
class_57,17.0,0.75,0.3529411764705882,0.48,57,milia,milia
class_37,11.0,0.5,0.4545454545454545,0.4761904761904761,37,halo nevus,halo nevus
class_113,11.0,0.3684210526315789,0.6363636363636364,0.4666666666666667,113,xeroderma pigmentosum,xeroderma pigmentosum
class_51,62.0,0.4393939393939394,0.4677419354838709,0.453125,51,lupus erythematosus,lupus erythematosus
class_86,99.0,0.4311926605504587,0.4747474747474747,0.4519230769230769,86,psoriasis,psoriasis
class_41,22.0,0.4347826086956521,0.4545454545454545,0.4444444444444444,41,juvenile xanthogranuloma,juvenile xanthogranuloma
class_12,12.0,0.6666666666666666,0.3333333333333333,0.4444444444444444,12,calcinosis cutis,calcinosis cutis
class_82,11.0,0.4166666666666667,0.4545454545454545,0.4347826086956521,82,porokeratosis of mibelli,porokeratosis of mibelli
class_38,15.0,0.4615384615384615,0.4,0.4285714285714285,38,hidradenitis,hidradenitis
class_95,19.0,0.391304347826087,0.4736842105263157,0.4285714285714285,95,seborrheic dermatitis,seborrheic dermatitis
class_109,23.0,0.3529411764705882,0.5217391304347826,0.4210526315789473,109,urticaria,urticaria
class_16,12.0,0.4166666666666667,0.4166666666666667,0.4166666666666667,16,dermatofibroma,dermatofibroma
class_8,70.0,0.4307692307692308,0.4,0.4148148148148148,8,basal cell carcinoma,basal cell carcinoma
class_76,14.0,0.4,0.4285714285714285,0.4137931034482758,76,pilar cyst,pilar cyst
class_14,10.0,0.4,0.4,0.4,14,congenital nevus,congenital nevus
class_69,12.0,0.5,0.3333333333333333,0.4,69,nevocytic nevus,nevocytic nevus
class_53,19.0,0.2894736842105263,0.5789473684210527,0.3859649122807017,53,lyme disease,lyme disease
class_103,18.0,0.3103448275862069,0.5,0.3829787234042553,103,superficial spreading melanoma ssm,superficial spreading melanoma ssm
class_59,13.0,0.5,0.3076923076923077,0.3809523809523809,59,mucous cyst,mucous cyst
class_58,13.0,0.5,0.3076923076923077,0.3809523809523809,58,mucinosis,mucinosis
class_40,15.0,0.3181818181818182,0.4666666666666667,0.3783783783783784,40,incontinentia pigmenti,incontinentia pigmenti
class_28,35.0,0.3260869565217391,0.4285714285714285,0.3703703703703703,28,erythema multiforme,erythema multiforme
class_34,32.0,0.5294117647058824,0.28125,0.3673469387755102,34,granuloma annulare,granuloma annulare
class_6,64.0,0.3478260869565217,0.375,0.3609022556390977,6,allergic contact dermatitis,allergic contact dermatitis
class_60,27.0,0.3235294117647059,0.4074074074074074,0.360655737704918,60,mycosis fungoides,mycosis fungoides
class_77,8.0,0.3333333333333333,0.375,0.3529411764705882,77,pilomatricoma,pilomatricoma
class_11,8.0,0.3333333333333333,0.375,0.3529411764705882,11,behcets disease,behcets disease
class_7,10.0,0.3076923076923077,0.4,0.3478260869565217,7,aplasia cutis,aplasia cutis
class_29,11.0,0.2777777777777778,0.4545454545454545,0.3448275862068966,29,erythema nodosum,erythema nodosum
class_93,47.0,0.3684210526315789,0.2978723404255319,0.3294117647058823,93,scleroderma,scleroderma
class_56,40.0,0.3636363636363636,0.3,0.3287671232876712,56,melanoma,melanoma
class_91,51.0,0.3333333333333333,0.3137254901960784,0.3232323232323232,91,sarcoidosis,sarcoidosis
class_110,17.0,0.3333333333333333,0.2941176470588235,0.3125,110,urticaria pigmentosa,urticaria pigmentosa
class_31,18.0,0.3571428571428571,0.2777777777777778,0.3125,31,fixed eruptions,fixed eruptions
class_67,11.0,1.0,0.1818181818181818,0.3076923076923077,67,neurotic excoriations,neurotic excoriations
class_72,8.0,0.4,0.25,0.3076923076923077,72,paronychia,paronychia
class_5,26.0,0.3076923076923077,0.3076923076923077,0.3076923076923077,5,actinic keratosis,actinic keratosis
class_19,30.0,0.3,0.3,0.3,19,drug eruption,drug eruption
class_83,19.0,0.5,0.2105263157894736,0.2962962962962963,83,porphyria,porphyria
class_13,15.0,0.2631578947368421,0.3333333333333333,0.2941176470588235,13,cheilitis,cheilitis
class_100,17.0,0.2777777777777778,0.2941176470588235,0.2857142857142857,100,stevens johnson syndrome,stevens johnson syndrome
class_17,21.0,0.2222222222222222,0.3809523809523809,0.2807017543859649,17,dermatomyositis,dermatomyositis
class_55,17.0,0.3076923076923077,0.2352941176470588,0.2666666666666666,55,malignant melanoma,malignant melanoma
class_75,51.0,0.2926829268292683,0.2352941176470588,0.2608695652173913,75,photodermatoses,photodermatoses
class_54,14.0,0.6666666666666666,0.1428571428571428,0.2352941176470588,54,lymphangioma,lymphangioma
class_101,10.0,0.25,0.2,0.2222222222222222,101,striae,striae
class_84,9.0,0.2222222222222222,0.2222222222222222,0.2222222222222222,84,port wine stain,port wine stain
class_44,12.0,0.3333333333333333,0.1666666666666666,0.2222222222222222,44,keratosis pilaris,keratosis pilaris
class_105,18.0,0.3,0.1666666666666666,0.2142857142857142,105,telangiectases,telangiectases
class_96,11.0,0.25,0.1818181818181818,0.2105263157894736,96,seborrheic keratosis,seborrheic keratosis
class_70,14.0,0.4,0.1428571428571428,0.2105263157894736,70,nevus sebaceous of jadassohn,nevus sebaceous of jadassohn
class_87,8.0,0.5,0.125,0.2,87,pustular psoriasis,pustular psoriasis
class_74,9.0,0.1666666666666666,0.2222222222222222,0.1904761904761904,74,perioral dermatitis,perioral dermatitis
class_90,15.0,0.1764705882352941,0.2,0.1875,90,rosacea,rosacea
class_102,9.0,0.5,0.1111111111111111,0.1818181818181818,102,sun damaged skin,sun damaged skin
class_88,18.0,0.1666666666666666,0.1666666666666666,0.1666666666666666,88,pyogenic granuloma,pyogenic granuloma
class_106,10.0,0.25,0.1,0.1428571428571428,106,tick bite,tick bite
class_3,10.0,0.2,0.1,0.1333333333333333,3,acquired autoimmune bullous diseaseherpes gestationis,acquired autoimmune bullous diseaseherpes gestationis
class_97,9.0,0.1666666666666666,0.1111111111111111,0.1333333333333333,97,solid cystic basal cell carcinoma,solid cystic basal cell carcinoma
class_21,11.0,0.25,0.0909090909090909,0.1333333333333333,21,dyshidrotic eczema,dyshidrotic eczema
class_9,9.0,0.1428571428571428,0.1111111111111111,0.125,9,basal cell carcinoma morpheiform,basal cell carcinoma morpheiform
class_1,27.0,0.125,0.1111111111111111,0.1176470588235294,1,acne,acne
class_22,29.0,0.0975609756097561,0.1379310344827586,0.1142857142857142,22,eczema,eczema
class_99,9.0,0.1111111111111111,0.1111111111111111,0.1111111111111111,99,stasis edema,stasis edema
class_39,9.0,0.0833333333333333,0.1111111111111111,0.0952380952380952,39,ichthyosis vulgaris,ichthyosis vulgaris
class_52,16.0,0.0666666666666666,0.0625,0.064516129032258,52,lupus subacute,lupus subacute
class_15,22.0,0.0,0.0,0.0,15,dariers disease,dariers disease
class_25,10.0,0.0,0.0,0.0,25,epidermolysis bullosa,epidermolysis bullosa
class_20,10.0,0.0,0.0,0.0,20,drug induced pigmentary changes,drug induced pigmentary changes
class_65,11.0,0.0,0.0,0.0,65,neurodermatitis,neurodermatitis
class_112,8.0,0.0,0.0,0.0,112,xanthomas,xanthomas
