class_id,disease,support,correct,incorrect,accuracy,error_rate
0,class_0,13,8,5,0.6153846153846154,0.3846153846153846
1,class_1,27,3,24,0.1111111111111111,0.8888888888888888
2,class_2,51,32,19,0.6274509803921569,0.37254901960784315
3,class_3,10,1,9,0.1,0.9
4,class_4,14,6,8,0.42857142857142855,0.5714285714285714
5,class_5,26,8,18,0.3076923076923077,0.6923076923076923
6,class_6,64,24,40,0.375,0.625
7,class_7,10,4,6,0.4,0.6
8,class_8,70,28,42,0.4,0.6
9,class_9,9,1,8,0.1111111111111111,0.8888888888888888
10,class_10,10,6,4,0.6,0.4
11,class_11,8,3,5,0.375,0.625
12,class_12,12,4,8,0.3333333333333333,0.6666666666666667
13,class_13,15,5,10,0.3333333333333333,0.6666666666666667
14,class_14,10,4,6,0.4,0.6
15,class_15,22,0,22,0.0,1.0
16,class_16,12,5,7,0.4166666666666667,0.5833333333333333
17,class_17,21,8,13,0.38095238095238093,0.6190476190476191
18,class_18,9,5,4,0.5555555555555556,0.4444444444444444
19,class_19,30,9,21,0.3,0.7
20,class_20,10,0,10,0.0,1.0
21,class_21,11,1,10,0.09090909090909091,0.9090909090909091
22,class_22,29,4,25,0.13793103448275862,0.8620689655172413
23,class_23,20,17,3,0.85,0.15000000000000002
24,class_24,14,6,8,0.42857142857142855,0.5714285714285714
25,class_25,10,0,10,0.0,1.0
26,class_26,13,6,7,0.46153846153846156,0.5384615384615384
27,class_27,8,4,4,0.5,0.5
28,class_28,35,15,20,0.42857142857142855,0.5714285714285714
29,class_29,11,5,6,0.45454545454545453,0.5454545454545454
30,class_30,9,4,5,0.4444444444444444,0.5555555555555556
31,class_31,18,5,13,0.2777777777777778,0.7222222222222222
32,class_32,51,38,13,0.7450980392156863,0.2549019607843137
33,class_33,16,11,5,0.6875,0.3125
34,class_34,32,9,23,0.28125,0.71875
35,class_35,11,6,5,0.5454545454545454,0.4545454545454546
36,class_36,27,21,6,0.7777777777777778,0.2222222222222222
37,class_37,11,5,6,0.45454545454545453,0.5454545454545454
38,class_38,15,6,9,0.4,0.6
39,class_39,9,1,8,0.1111111111111111,0.8888888888888888
40,class_40,15,7,8,0.4666666666666667,0.5333333333333333
41,class_41,22,10,12,0.45454545454545453,0.5454545454545454
42,class_42,21,11,10,0.5238095238095238,0.47619047619047616
43,class_43,22,16,6,0.7272727272727273,0.2727272727272727
44,class_44,12,2,10,0.16666666666666666,0.8333333333333334
45,class_45,9,6,3,0.6666666666666666,0.33333333333333337
46,class_46,13,8,5,0.6153846153846154,0.3846153846153846
47,class_47,11,6,5,0.5454545454545454,0.4545454545454546
48,class_48,74,37,37,0.5,0.5
49,class_49,14,8,6,0.5714285714285714,0.4285714285714286
50,class_50,9,5,4,0.5555555555555556,0.4444444444444444
51,class_51,62,29,33,0.46774193548387094,0.532258064516129
52,class_52,16,1,15,0.0625,0.9375
53,class_53,19,11,8,0.5789473684210527,0.42105263157894735
54,class_54,14,2,12,0.14285714285714285,0.8571428571428572
55,class_55,17,4,13,0.23529411764705882,0.7647058823529411
56,class_56,40,12,28,0.3,0.7
57,class_57,17,6,11,0.35294117647058826,0.6470588235294117
58,class_58,13,4,9,0.3076923076923077,0.6923076923076923
59,class_59,13,4,9,0.3076923076923077,0.6923076923076923
60,class_60,27,11,16,0.4074074074074074,0.5925925925925926
61,class_61,9,4,5,0.4444444444444444,0.5555555555555556
62,class_62,10,5,5,0.5,0.5
63,class_63,18,11,7,0.6111111111111112,0.38888888888888884
64,class_64,38,29,9,0.7631578947368421,0.23684210526315785
65,class_65,11,0,11,0.0,1.0
66,class_66,27,14,13,0.5185185185185185,0.4814814814814815
67,class_67,11,2,9,0.18181818181818182,0.8181818181818181
68,class_68,55,30,25,0.5454545454545454,0.4545454545454546
69,class_69,12,4,8,0.3333333333333333,0.6666666666666667
70,class_70,14,2,12,0.14285714285714285,0.8571428571428572
71,class_71,23,20,3,0.8695652173913043,0.13043478260869568
72,class_72,8,2,6,0.25,0.75
73,class_73,22,20,2,0.9090909090909091,0.09090909090909094
74,class_74,9,2,7,0.2222222222222222,0.7777777777777778
75,class_75,51,12,39,0.23529411764705882,0.7647058823529411
76,class_76,14,6,8,0.42857142857142855,0.5714285714285714
77,class_77,8,3,5,0.375,0.625
78,class_78,10,7,3,0.7,0.30000000000000004
79,class_79,28,16,12,0.5714285714285714,0.4285714285714286
80,class_80,41,35,6,0.8536585365853658,0.14634146341463417
81,class_81,27,22,5,0.8148148148148148,0.18518518518518523
82,class_82,11,5,6,0.45454545454545453,0.5454545454545454
83,class_83,19,4,15,0.21052631578947367,0.7894736842105263
84,class_84,9,2,7,0.2222222222222222,0.7777777777777778
85,class_85,25,18,7,0.72,0.28
86,class_86,99,47,52,0.47474747474747475,0.5252525252525253
87,class_87,8,1,7,0.125,0.875
88,class_88,18,3,15,0.16666666666666666,0.8333333333333334
89,class_89,14,10,4,0.7142857142857143,0.2857142857142857
90,class_90,15,3,12,0.2,0.8
91,class_91,51,16,35,0.3137254901960784,0.6862745098039216
92,class_92,51,30,21,0.5882352941176471,0.4117647058823529
93,class_93,47,14,33,0.2978723404255319,0.7021276595744681
94,class_94,15,7,8,0.4666666666666667,0.5333333333333333
95,class_95,19,9,10,0.47368421052631576,0.5263157894736843
96,class_96,11,2,9,0.18181818181818182,0.8181818181818181
97,class_97,9,1,8,0.1111111111111111,0.8888888888888888
98,class_98,88,41,47,0.4659090909090909,0.5340909090909092
99,class_99,9,1,8,0.1111111111111111,0.8888888888888888
100,class_100,17,5,12,0.29411764705882354,0.7058823529411764
101,class_101,10,2,8,0.2,0.8
102,class_102,9,1,8,0.1111111111111111,0.8888888888888888
103,class_103,18,9,9,0.5,0.5
104,class_104,18,13,5,0.7222222222222222,0.2777777777777778
105,class_105,18,3,15,0.16666666666666666,0.8333333333333334
106,class_106,10,1,9,0.1,0.9
107,class_107,21,11,10,0.5238095238095238,0.47619047619047616
108,class_108,23,22,1,0.9565217391304348,0.04347826086956519
109,class_109,23,12,11,0.5217391304347826,0.4782608695652174
110,class_110,17,5,12,0.29411764705882354,0.7058823529411764
111,class_111,24,13,11,0.5416666666666666,0.45833333333333337
112,class_112,8,0,8,0.0,1.0
113,class_113,11,7,4,0.6363636363636364,0.36363636363636365
