disease,best_group,best_accuracy,worst_group,worst_accuracy,accuracy_gap,accuracy_gap_pp,groups_available,total_support,robust_disparity
aplasia cutis,Medium,1.0,Unknown,0.0,1.0,100.0,3,10,False
actinic keratosis,Dark,1.0,Unknown,0.0,1.0,100.0,4,26,True
erythema elevatum diutinum,Medium,1.0,Light,0.0,1.0,100.0,3,8,False
lichen amyloidosis,Dark,1.0,Medium,0.0,1.0,100.0,3,11,False
factitial dermatitis,Dark,1.0,Light,0.0,1.0,100.0,3,9,False
mucous cyst,Unknown,1.0,Dark,0.0,1.0,100.0,4,13,False
pityriasis rubra pilaris,Unknown,1.0,Light,0.0,1.0,100.0,4,41,True
telangiectases,Dark,1.0,Medium,0.0,1.0,100.0,4,18,False
pyogenic granuloma,Dark,1.0,Light,0.0833333333333333,0.9166666666666667,91.66666666666667,3,18,False
kaposi sarcoma,Medium,0.9,Light,0.0,0.9,90.0,3,21,True
milia,Dark,1.0,Light,0.1,0.9,90.0,3,17,False
pilar cyst,Dark,1.0,Light,0.1428571428571428,0.8571428571428572,85.71428571428572,3,14,False
dermatomyositis,Medium,0.8571428571428571,Dark,0.0,0.8571428571428571,85.71428571428571,3,21,True
scleroderma,Dark,0.8571428571428571,Unknown,0.0,0.8571428571428571,85.71428571428571,4,47,True
nematode infection,Dark,0.8333333333333334,Unknown,0.0,0.8333333333333334,83.33333333333334,4,38,True
langerhans cell histiocytosis,Light,0.8333333333333334,Dark,0.0,0.8333333333333334,83.33333333333334,3,9,False
neurofibromatosis,Dark,0.8181818181818182,Light,0.0,0.8181818181818182,81.81818181818183,3,27,True
cheilitis,Dark,1.0,Medium,0.2,0.8,80.0,4,15,False
xeroderma pigmentosum,Dark,0.8,Light,0.0,0.8,80.0,3,11,False
myiasis,Medium,0.75,Dark,0.0,0.75,75.0,4,9,False
granuloma pyogenic,Medium,0.75,Unknown,0.0,0.75,75.0,3,11,False
allergic contact dermatitis,Unknown,1.0,Light,0.282051282051282,0.7179487179487181,71.79487179487181,4,64,True
seborrheic dermatitis,Medium,0.7142857142857143,Dark,0.0,0.7142857142857143,71.42857142857143,3,19,False
hidradenitis,Medium,0.7142857142857143,Dark,0.0,0.7142857142857143,71.42857142857143,3,15,False
acne vulgaris,Medium,0.7142857142857143,Dark,0.0,0.7142857142857143,71.42857142857143,3,51,True
mycosis fungoides,Medium,0.7,Dark,0.0,0.7,70.0,4,27,True
lichen planus,Medium,0.6774193548387096,Unknown,0.0,0.6774193548387096,67.74193548387096,4,74,True
basal cell carcinoma,Unknown,1.0,Light,0.3333333333333333,0.6666666666666667,66.66666666666667,4,70,True
naevus comedonicus,Dark,1.0,Light,0.3333333333333333,0.6666666666666667,66.66666666666667,3,10,False
halo nevus,Dark,1.0,Light,0.3333333333333333,0.6666666666666667,66.66666666666667,3,11,False
epidermal nevus,Medium,0.6666666666666666,Dark,0.0,0.6666666666666666,66.66666666666666,3,14,False
acrodermatitis enteropathica,Medium,0.6666666666666666,Dark,0.0,0.6666666666666666,66.66666666666666,3,14,False
lentigo maligna,Light,0.6666666666666666,Unknown,0.0,0.6666666666666666,66.66666666666666,3,13,False
vitiligo,Medium,0.6363636363636364,Unknown,0.0,0.6363636363636364,63.63636363636363,4,24,True
juvenile xanthogranuloma,Medium,0.6,Dark,0.0,0.6,60.0,3,22,True
acanthosis nigricans,Medium,0.8333333333333334,Dark,0.25,0.5833333333333334,58.333333333333336,3,13,False
congenital nevus,Medium,0.75,Light,0.1666666666666666,0.5833333333333334,58.333333333333336,2,10,False
disseminated actinic porokeratosis,Medium,1.0,Light,0.4285714285714285,0.5714285714285715,57.14285714285715,2,9,False
superficial spreading melanoma ssm,Light,0.5714285714285714,Unknown,0.0,0.5714285714285714,57.14285714285714,3,18,False
erythema multiforme,Medium,0.5333333333333333,Dark,0.0,0.5333333333333333,53.333333333333336,3,35,True
granuloma annulare,Medium,0.5333333333333333,Dark,0.0,0.5333333333333333,53.333333333333336,3,32,True
prurigo nodularis,Medium,0.9285714285714286,Dark,0.4,0.5285714285714286,52.85714285714286,3,25,True
lupus subacute,Dark,0.5,Light,0.0,0.5,50.0,3,16,False
tick bite,Medium,0.5,Light,0.0,0.5,50.0,3,10,False
urticaria pigmentosa,Medium,0.6,Light,0.1,0.5,50.0,3,17,False
stasis edema,Dark,0.5,Light,0.0,0.5,50.0,4,9,False
necrobiosis lipoidica,Dark,1.0,Light,0.5,0.5,50.0,3,18,False
malignant melanoma,Medium,0.5,Unknown,0.0,0.5,50.0,3,17,False
behcets disease,Medium,0.5,Dark,0.0,0.5,50.0,3,8,False
lupus erythematosus,Dark,0.7142857142857143,Light,0.217391304347826,0.4968944099378883,49.68944099378883,4,62,True
urticaria,Medium,0.75,Light,0.2727272727272727,0.4772727272727273,47.72727272727273,2,23,True
melanoma,Medium,0.4615384615384615,Unknown,0.0,0.4615384615384615,46.15384615384615,4,40,True
acne,Dark,0.5,Light,0.0588235294117647,0.4411764705882353,44.11764705882353,3,27,True
scabies,Medium,0.75,Light,0.3125,0.4375,43.75,4,51,True
sarcoidosis,Medium,0.4375,Unknown,0.0,0.4375,43.75,4,51,True
scleromyxedema,Medium,0.625,Light,0.2,0.425,42.5,3,15,False
squamous cell carcinoma,Medium,0.6896551724137931,Unknown,0.2857142857142857,0.40394088669950745,40.39408866995075,4,88,True
hailey hailey disease,Dark,1.0,Light,0.6,0.4,40.0,3,27,True
photodermatoses,Medium,0.4,Dark,0.0,0.4,40.0,3,51,True
lymphangioma,Medium,0.4,Light,0.0,0.4,40.0,4,14,False
becker nevus,Light,0.7142857142857143,Medium,0.3333333333333333,0.380952380952381,38.0952380952381,2,10,False
erythema annulare centrifigum,Light,0.6666666666666666,Medium,0.2857142857142857,0.38095238095238093,38.095238095238095,2,13,False
mucinosis,Medium,0.5,Light,0.1428571428571428,0.3571428571428572,35.71428571428572,3,13,False
syringoma,Light,0.8571428571428571,Dark,0.5,0.3571428571428571,35.71428571428571,3,18,False
livedo reticularis,Medium,0.75,Light,0.4,0.35,35.0,2,9,False
tungiasis,Light,1.0,Unknown,0.6666666666666666,0.33333333333333337,33.333333333333336,4,23,True
pediculosis lids,Light,1.0,Unknown,0.6666666666666666,0.33333333333333337,33.333333333333336,3,22,True
folliculitis,Dark,0.8333333333333334,Unknown,0.5,0.33333333333333337,33.333333333333336,4,51,True
ehlers danlos syndrome,Dark,1.0,Light,0.6666666666666666,0.33333333333333337,33.333333333333336,3,20,True
dyshidrotic eczema,Medium,0.3333333333333333,Light,0.0,0.3333333333333333,33.33333333333333,3,11,False
paronychia,Light,0.3333333333333333,Medium,0.0,0.3333333333333333,33.33333333333333,2,8,False
tuberous sclerosis,Dark,0.6666666666666666,Light,0.3333333333333333,0.3333333333333333,33.33333333333333,3,21,True
port wine stain,Medium,0.3333333333333333,Dark,0.0,0.3333333333333333,33.33333333333333,3,9,False
stevens johnson syndrome,Light,0.3333333333333333,Dark,0.0,0.3333333333333333,33.33333333333333,3,17,False
striae,Medium,0.3333333333333333,Dark,0.0,0.3333333333333333,33.33333333333333,3,10,False
pityriasis rosea,Medium,0.6875,Light,0.375,0.3125,31.25,3,28,True
porphyria,Medium,0.3,Dark,0.0,0.3,30.0,3,19,False
neutrophilic dermatoses,Medium,0.7222222222222222,Light,0.4285714285714285,0.2936507936507937,29.36507936507937,4,55,True
seborrheic keratosis,Light,0.2857142857142857,Medium,0.0,0.2857142857142857,28.57142857142857,3,11,False
perioral dermatitis,Light,0.2857142857142857,Medium,0.0,0.2857142857142857,28.57142857142857,2,9,False
porokeratosis of mibelli,Medium,0.6,Light,0.3333333333333333,0.26666666666666666,26.666666666666668,2,11,False
calcinosis cutis,Medium,0.5,Light,0.25,0.25,25.0,3,12,False
papilomatosis confluentes and reticulate,Dark,1.0,Light,0.75,0.25,25.0,3,23,True
lichen simplex,Light,0.75,Medium,0.5,0.25,25.0,3,14,False
ichthyosis vulgaris,Medium,0.25,Light,0.0,0.25,25.0,3,9,False
nevus sebaceous of jadassohn,Light,0.2222222222222222,Medium,0.0,0.2222222222222222,22.22222222222222,4,14,False
fordyce spots,Light,0.7142857142857143,Unknown,0.5,0.2142857142857143,21.42857142857143,3,16,False
fixed eruptions,Medium,0.375,Light,0.1666666666666666,0.2083333333333334,20.83333333333334,3,18,False
rhinophyma,Medium,0.8333333333333334,Light,0.625,0.20833333333333337,20.833333333333336,2,14,False
keloid,Dark,0.8333333333333334,Light,0.625,0.20833333333333337,20.833333333333336,3,22,True
nevocytic nevus,Medium,0.5,Light,0.3,0.2,20.0,2,12,False
pustular psoriasis,Light,0.2,Medium,0.0,0.2,20.0,3,8,False
sun damaged skin,Light,0.2,Medium,0.0,0.2,20.0,3,9,False
porokeratosis actinic,Dark,1.0,Light,0.8,0.19999999999999996,19.999999999999996,3,27,True
eczema,Light,0.1764705882352941,Dark,0.0,0.1764705882352941,17.64705882352941,3,29,True
pilomatricoma,Medium,0.5,Light,0.3333333333333333,0.16666666666666669,16.666666666666668,2,8,False
drug eruption,Medium,0.4,Light,0.25,0.15000000000000002,15.000000000000002,3,30,True
acquired autoimmune bullous diseaseherpes gestationis,Light,0.1428571428571428,Medium,0.0,0.1428571428571428,14.28571428571428,2,10,False
solid cystic basal cell carcinoma,Light,0.1428571428571428,Medium,0.0,0.1428571428571428,14.28571428571428,2,9,False
psoriasis,Dark,0.5384615384615384,Unknown,0.4,0.1384615384615384,13.846153846153841,4,99,True
lyme disease,Medium,0.6666666666666666,Light,0.5384615384615384,0.1282051282051282,12.82051282051282,2,19,False
basal cell carcinoma morpheiform,Light,0.125,Medium,0.0,0.125,12.5,2,9,False
pityriasis lichenoides chronica,Medium,0.75,Light,0.6666666666666666,0.08333333333333337,8.333333333333337,2,10,False
erythema nodosum,Medium,0.5,Light,0.4285714285714285,0.07142857142857151,7.142857142857151,2,11,False
rosacea,Medium,0.25,Light,0.1818181818181818,0.0681818181818182,6.81818181818182,2,15,False
keratosis pilaris,Medium,0.2,Light,0.1428571428571428,0.05714285714285722,5.7142857142857215,2,12,False
incontinentia pigmenti,Medium,0.5,Light,0.4444444444444444,0.05555555555555558,5.555555555555558,2,15,False
neurotic excoriations,Light,0.2,Medium,0.1666666666666666,0.03333333333333341,3.333333333333341,2,11,False
dermatofibroma,Light,0.4285714285714285,Medium,0.4,0.02857142857142847,2.857142857142847,2,12,False
dariers disease,Light,0.0,Light,0.0,0.0,0.0,3,22,True
epidermolysis bullosa,Light,0.0,Light,0.0,0.0,0.0,3,10,False
drug induced pigmentary changes,Light,0.0,Light,0.0,0.0,0.0,3,10,False
neurodermatitis,Light,0.0,Light,0.0,0.0,0.0,3,11,False
xanthomas,Light,0.0,Light,0.0,0.0,0.0,3,8,False
