DDI_ID,DDI_file,image_path,true_disease,true_malignant,skin_tone,skin_tone_group,predicted_class_id,confidence
1,000001.png,/content/drive/MyDrive/Skin Tone Fairness/DDI/000001.png,melanoma-in-situ,True,56,Dark,10,0.3035527467727661
2,000002.png,/content/drive/MyDrive/Skin Tone Fairness/DDI/000002.png,melanoma-in-situ,True,56,Dark,10,0.36354419589042664
3,000003.png,/content/drive/MyDrive/Skin Tone Fairness/DDI/000003.png,mycosis-fungoides,True,56,Dark,37,0.36570191383361816
4,000004.png,/content/drive/MyDrive/Skin Tone Fairness/DDI/000004.png,squamous-cell-carcinoma-in-situ,True,56,Dark,48,0.6680183410644531
5,000005.png,/content/drive/MyDrive/Skin Tone Fairness/DDI/000005.png,basal-cell-carcinoma,True,12,Light,103,0.5188614130020142
6,000006.png,/content/drive/MyDrive/Skin Tone Fairness/DDI/000006.png,squamous-cell-carcinoma,True,56,Dark,56,0.1671687513589859
7,000007.png,/content/drive/MyDrive/Skin Tone Fairness/DDI/000007.png,melanoma-acral-lentiginous,True,56,Dark,111,0.3265452980995178
8,000008.png,/content/drive/MyDrive/Skin Tone Fairness/DDI/000008.png,melanoma-in-situ,True,56,Dark,59,0.15738339722156525
9,000009.png,/content/drive/MyDrive/Skin Tone Fairness/DDI/000009.png,melanoma-acral-lentiginous,True,56,Dark,17,0.20171193778514862
10,000010.png,/content/drive/MyDrive/Skin Tone Fairness/DDI/000010.png,basal-cell-carcinoma-superficial,True,34,Medium,55,0.17742477357387543
11,000011.png,/content/drive/MyDrive/Skin Tone Fairness/DDI/000011.png,squamous-cell-carcinoma,True,56,Dark,98,0.3758734464645386
12,000012.png,/content/drive/MyDrive/Skin Tone Fairness/DDI/000012.png,squamous-cell-carcinoma-keratoacanthoma,True,56,Dark,37,0.39789101481437683
13,000013.png,/content/drive/MyDrive/Skin Tone Fairness/DDI/000013.png,melanoma-acral-lentiginous,True,56,Dark,108,0.25109097361564636
14,000014.png,/content/drive/MyDrive/Skin Tone Fairness/DDI/000014.png,squamous-cell-carcinoma,True,56,Dark,8,0.29770776629447937
15,000015.png,/content/drive/MyDrive/Skin Tone Fairness/DDI/000015.png,squamous-cell-carcinoma,True,56,Dark,98,0.5917710661888123
16,000016.png,/content/drive/MyDrive/Skin Tone Fairness/DDI/000016.png,mycosis-fungoides,True,56,Dark,93,0.9495830535888672
17,000017.png,/content/drive/MyDrive/Skin Tone Fairness/DDI/000017.png,mycosis-fungoides,True,56,Dark,31,0.42834195494651794
18,000018.png,/content/drive/MyDrive/Skin Tone Fairness/DDI/000018.png,mycosis-fungoides,True,56,Dark,69,0.38744795322418213
19,000019.png,/content/drive/MyDrive/Skin Tone Fairness/DDI/000019.png,mycosis-fungoides,True,56,Dark,0,0.46193650364875793
20,000020.png,/content/drive/MyDrive/Skin Tone Fairness/DDI/000020.png,mycosis-fungoides,True,56,Dark,32,0.33738091588020325
21,000021.png,/content/drive/MyDrive/Skin Tone Fairness/DDI/000021.png,mycosis-fungoides,True,56,Dark,32,0.2487606704235077
22,000022.png,/content/drive/MyDrive/Skin Tone Fairness/DDI/000022.png,mycosis-fungoides,True,56,Dark,86,0.48590850830078125
23,000023.png,/content/drive/MyDrive/Skin Tone Fairness/DDI/000023.png,mycosis-fungoides,True,56,Dark,42,0.13297004997730255
24,000024.png,/content/drive/MyDrive/Skin Tone Fairness/DDI/000024.png,mycosis-fungoides,True,56,Dark,16,0.21798443794250488
25,000025.png,/content/drive/MyDrive/Skin Tone Fairness/DDI/000025.png,subcutaneous-t-cell-lymphoma,True,56,Dark,32,0.4134450852870941
26,000026.png,/content/drive/MyDrive/Skin Tone Fairness/DDI/000026.png,mycosis-fungoides,True,56,Dark,56,0.33198511600494385
27,000027.png,/content/drive/MyDrive/Skin Tone Fairness/DDI/000027.png,mycosis-fungoides,True,56,Dark,86,0.25742074847221375
28,000028.png,/content/drive/MyDrive/Skin Tone Fairness/DDI/000028.png,mycosis-fungoides,True,56,Dark,0,0.6783465147018433
29,000029.png,/content/drive/MyDrive/Skin Tone Fairness/DDI/000029.png,mycosis-fungoides,True,56,Dark,0,0.18565692007541656
30,000030.png,/content/drive/MyDrive/Skin Tone Fairness/DDI/000030.png,mycosis-fungoides,True,56,Dark,111,0.08669296652078629
31,000031.png,/content/drive/MyDrive/Skin Tone Fairness/DDI/000031.png,mycosis-fungoides,True,56,Dark,32,0.9519736170768738
32,000032.png,/content/drive/MyDrive/Skin Tone Fairness/DDI/000032.png,mycosis-fungoides,True,56,Dark,53,0.10498806089162827
33,000033.png,/content/drive/MyDrive/Skin Tone Fairness/DDI/000033.png,mycosis-fungoides,True,56,Dark,0,0.1712869107723236
34,000034.png,/content/drive/MyDrive/Skin Tone Fairness/DDI/000034.png,mycosis-fungoides,True,56,Dark,56,0.22022217512130737
35,000035.png,/content/drive/MyDrive/Skin Tone Fairness/DDI/000035.png,mycosis-fungoides,True,56,Dark,91,0.2584337592124939
36,000036.png,/content/drive/MyDrive/Skin Tone Fairness/DDI/000036.png,melanocytic-nevi,False,34,Medium,93,0.07391038537025452
37,000037.png,/content/drive/MyDrive/Skin Tone Fairness/DDI/000037.png,basal-cell-carcinoma,True,12,Light,48,0.30853426456451416
38,000038.png,/content/drive/MyDrive/Skin Tone Fairness/DDI/000038.png,squamous-cell-carcinoma-keratoacanthoma,True,12,Light,32,0.11884479969739914
39,000039.png,/content/drive/MyDrive/Skin Tone Fairness/DDI/000039.png,squamous-cell-carcinoma,True,12,Light,103,0.4646850526332855
40,000040.png,/content/drive/MyDrive/Skin Tone Fairness/DDI/000040.png,squamous-cell-carcinoma-in-situ,True,12,Light,6,0.17566969990730286
41,000041.png,/content/drive/MyDrive/Skin Tone Fairness/DDI/000041.png,melanoma-acral-lentiginous,True,12,Light,17,0.14256544411182404
42,000042.png,/content/drive/MyDrive/Skin Tone Fairness/DDI/000042.png,melanocytic-nevi,False,12,Light,105,0.1629611998796463
43,000043.png,/content/drive/MyDrive/Skin Tone Fairness/DDI/000043.png,melanoma-acral-lentiginous,True,12,Light,56,0.7299437522888184
44,000044.png,/content/drive/MyDrive/Skin Tone Fairness/DDI/000044.png,squamous-cell-carcinoma-keratoacanthoma,True,12,Light,63,0.032745763659477234
45,000045.png,/content/drive/MyDrive/Skin Tone Fairness/DDI/000045.png,melanoma-acral-lentiginous,True,12,Light,108,0.7369553446769714
46,000046.png,/content/drive/MyDrive/Skin Tone Fairness/DDI/000046.png,melanocytic-nevi,False,12,Light,76,0.5493528842926025
47,000047.png,/content/drive/MyDrive/Skin Tone Fairness/DDI/000047.png,melanocytic-nevi,False,12,Light,56,0.19371451437473297
48,000048.png,/content/drive/MyDrive/Skin Tone Fairness/DDI/000048.png,melanocytic-nevi,False,12,Light,73,0.25004100799560547
49,000049.png,/content/drive/MyDrive/Skin Tone Fairness/DDI/000049.png,melanocytic-nevi,False,12,Light,22,0.053091056644916534
50,000050.png,/content/drive/MyDrive/Skin Tone Fairness/DDI/000050.png,melanoma-acral-lentiginous,True,12,Light,86,0.5526127815246582
51,000051.png,/content/drive/MyDrive/Skin Tone Fairness/DDI/000051.png,melanocytic-nevi,False,12,Light,64,0.33431631326675415
52,000052.png,/content/drive/MyDrive/Skin Tone Fairness/DDI/000052.png,squamous-cell-carcinoma,True,12,Light,32,0.21203352510929108
53,000053.png,/content/drive/MyDrive/Skin Tone Fairness/DDI/000053.png,seborrheic-keratosis-irritated,False,56,Dark,111,0.6461229920387268
54,000054.png,/content/drive/MyDrive/Skin Tone Fairness/DDI/000054.png,focal-acral-hyperkeratosis,False,56,Dark,93,0.7306914329528809
55,000055.png,/content/drive/MyDrive/Skin Tone Fairness/DDI/000055.png,hyperpigmentation,False,56,Dark,86,0.25886285305023193
56,000056.png,/content/drive/MyDrive/Skin Tone Fairness/DDI/000056.png,lipoma,False,56,Dark,29,0.21770323812961578
57,000057.png,/content/drive/MyDrive/Skin Tone Fairness/DDI/000057.png,foreign-body-granuloma,False,34,Medium,37,0.15890221297740936
58,000058.png,/content/drive/MyDrive/Skin Tone Fairness/DDI/000058.png,blue-nevus,False,56,Dark,103,0.5414106249809265
59,000059.png,/content/drive/MyDrive/Skin Tone Fairness/DDI/000059.png,verruca-vulgaris,False,56,Dark,96,0.38020575046539307
60,000060.png,/content/drive/MyDrive/Skin Tone Fairness/DDI/000060.png,acrochordon,False,56,Dark,56,0.1227763369679451
61,000061.png,/content/drive/MyDrive/Skin Tone Fairness/DDI/000061.png,acrochordon,False,56,Dark,58,0.24107497930526733
62,000062.png,/content/drive/MyDrive/Skin Tone Fairness/DDI/000062.png,seborrheic-keratosis-irritated,False,34,Medium,32,0.6750683188438416
63,000063.png,/content/drive/MyDrive/Skin Tone Fairness/DDI/000063.png,wart,False,56,Dark,69,0.5301330089569092
64,000064.png,/content/drive/MyDrive/Skin Tone Fairness/DDI/000064.png,melanocytic-nevi,False,34,Medium,86,0.42516475915908813
65,000065.png,/content/drive/MyDrive/Skin Tone Fairness/DDI/000065.png,mycosis-fungoides,True,56,Dark,69,0.24598050117492676
66,000066.png,/content/drive/MyDrive/Skin Tone Fairness/DDI/000066.png,mycosis-fungoides,True,56,Dark,0,0.7636000514030457
67,000067.png,/content/drive/MyDrive/Skin Tone Fairness/DDI/000067.png,abrasions-ulcerations-and-physical-injuries,False,56,Dark,42,0.7889124155044556
68,000068.png,/content/drive/MyDrive/Skin Tone Fairness/DDI/000068.png,mycosis-fungoides,True,56,Dark,47,0.31516802310943604
69,000069.png,/content/drive/MyDrive/Skin Tone Fairness/DDI/000069.png,mycosis-fungoides,True,56,Dark,47,0.1317119151353836
70,000070.png,/content/drive/MyDrive/Skin Tone Fairness/DDI/000070.png,acrochordon,False,34,Medium,77,0.40562310814857483
71,000071.png,/content/drive/MyDrive/Skin Tone Fairness/DDI/000071.png,basal-cell-carcinoma-nodular,True,12,Light,11,0.2626524865627289
72,000072.png,/content/drive/MyDrive/Skin Tone Fairness/DDI/000072.png,basal-cell-carcinoma-superficial,True,12,Light,42,0.4395512044429779
73,000073.png,/content/drive/MyDrive/Skin Tone Fairness/DDI/000073.png,basal-cell-carcinoma-nodular,True,12,Light,86,0.16724812984466553
74,000074.png,/content/drive/MyDrive/Skin Tone Fairness/DDI/000074.png,squamous-cell-carcinoma-in-situ,True,12,Light,56,0.23988984525203705
75,000075.png,/content/drive/MyDrive/Skin Tone Fairness/DDI/000075.png,epidermal-cyst,False,56,Dark,0,0.8215941786766052
76,000076.png,/content/drive/MyDrive/Skin Tone Fairness/DDI/000076.png,verruca-vulgaris,False,56,Dark,32,0.5024023056030273
77,000077.png,/content/drive/MyDrive/Skin Tone Fairness/DDI/000077.png,acquired-digital-fibrokeratoma,False,56,Dark,72,0.3978099226951599
78,000078.png,/content/drive/MyDrive/Skin Tone Fairness/DDI/000078.png,epidermal-nevus,False,56,Dark,58,0.18793576955795288
79,000079.png,/content/drive/MyDrive/Skin Tone Fairness/DDI/000079.png,melanocytic-nevi,False,56,Dark,35,0.16538271307945251
80,000080.png,/content/drive/MyDrive/Skin Tone Fairness/DDI/000080.png,melanocytic-nevi,False,56,Dark,7,0.21180564165115356
81,000081.png,/content/drive/MyDrive/Skin Tone Fairness/DDI/000081.png,acrochordon,False,34,Medium,69,0.11928077042102814
82,000082.png,/content/drive/MyDrive/Skin Tone Fairness/DDI/000082.png,seborrheic-keratosis,False,34,Medium,37,0.20185580849647522
83,000083.png,/content/drive/MyDrive/Skin Tone Fairness/DDI/000083.png,epidermal-cyst,False,56,Dark,0,0.14517830312252045
84,000084.png,/content/drive/MyDrive/Skin Tone Fairness/DDI/000084.png,trichilemmoma,False,56,Dark,37,0.1571408212184906
85,000085.png,/content/drive/MyDrive/Skin Tone Fairness/DDI/000085.png,mycosis-fungoides,True,56,Dark,86,0.5681483745574951
86,000086.png,/content/drive/MyDrive/Skin Tone Fairness/DDI/000086.png,mycosis-fungoides,True,56,Dark,91,0.38146623969078064
87,000087.png,/content/drive/MyDrive/Skin Tone Fairness/DDI/000087.png,pyogenic-granuloma,False,56,Dark,48,0.2924806773662567
88,000088.png,/content/drive/MyDrive/Skin Tone Fairness/DDI/000088.png,melanocytic-nevi,False,56,Dark,49,0.2161451131105423
89,000089.png,/content/drive/MyDrive/Skin Tone Fairness/DDI/000089.png,verruca-vulgaris,False,56,Dark,100,0.15250436961650848
90,000090.png,/content/drive/MyDrive/Skin Tone Fairness/DDI/000090.png,abrasions-ulcerations-and-physical-injuries,False,56,Dark,32,0.2622818648815155
91,000091.png,/content/drive/MyDrive/Skin Tone Fairness/DDI/000091.png,seborrheic-keratosis,False,56,Dark,58,0.3369528353214264
92,000092.png,/content/drive/MyDrive/Skin Tone Fairness/DDI/000092.png,melanocytic-nevi,False,56,Dark,93,0.4625953435897827
93,000093.png,/content/drive/MyDrive/Skin Tone Fairness/DDI/000093.png,neurofibroma,False,56,Dark,0,0.1487789899110794
94,000094.png,/content/drive/MyDrive/Skin Tone Fairness/DDI/000094.png,syringocystadenoma-papilliferum,False,56,Dark,0,0.28123539686203003
95,000095.png,/content/drive/MyDrive/Skin Tone Fairness/DDI/000095.png,nevus-lipomatosus-superficialis,False,56,Dark,69,0.2345288246870041
96,000096.png,/content/drive/MyDrive/Skin Tone Fairness/DDI/000096.png,pyogenic-granuloma,False,56,Dark,96,0.2472999095916748
97,000097.png,/content/drive/MyDrive/Skin Tone Fairness/DDI/000097.png,benign-keratosis,False,56,Dark,0,0.39438799023628235
98,000098.png,/content/drive/MyDrive/Skin Tone Fairness/DDI/000098.png,melanocytic-nevi,False,34,Medium,111,0.05628788471221924
99,000099.png,/content/drive/MyDrive/Skin Tone Fairness/DDI/000099.png,melanocytic-nevi,False,34,Medium,16,0.13494111597537994
100,000100.png,/content/drive/MyDrive/Skin Tone Fairness/DDI/000100.png,melanocytic-nevi,False,34,Medium,73,0.042081885039806366
101,000101.png,/content/drive/MyDrive/Skin Tone Fairness/DDI/000101.png,melanocytic-nevi,False,56,Dark,13,0.3691454231739044
102,000102.png,/content/drive/MyDrive/Skin Tone Fairness/DDI/000102.png,foreign-body-granuloma,False,56,Dark,91,0.3206309676170349
103,000103.png,/content/drive/MyDrive/Skin Tone Fairness/DDI/000103.png,epidermal-cyst,False,56,Dark,96,0.25551438331604004
104,000104.png,/content/drive/MyDrive/Skin Tone Fairness/DDI/000104.png,seborrheic-keratosis,False,56,Dark,37,0.1707770675420761
105,000105.png,/content/drive/MyDrive/Skin Tone Fairness/DDI/000105.png,seborrheic-keratosis,False,56,Dark,37,0.1763153225183487
106,000106.png,/content/drive/MyDrive/Skin Tone Fairness/DDI/000106.png,hyperpigmentation,False,56,Dark,42,0.4165981113910675
107,000107.png,/content/drive/MyDrive/Skin Tone Fairness/DDI/000107.png,inverted-follicular-keratosis,False,56,Dark,58,0.39802780747413635
108,000108.png,/content/drive/MyDrive/Skin Tone Fairness/DDI/000108.png,onychomycosis,False,56,Dark,86,0.6644502878189087
109,000109.png,/content/drive/MyDrive/Skin Tone Fairness/DDI/000109.png,melanocytic-nevi,False,56,Dark,93,0.10888011008501053
110,000110.png,/content/drive/MyDrive/Skin Tone Fairness/DDI/000110.png,melanocytic-nevi,False,34,Medium,61,0.09661148488521576
111,000111.png,/content/drive/MyDrive/Skin Tone Fairness/DDI/000111.png,seborrheic-keratosis,False,56,Dark,69,0.5021800994873047
112,000112.png,/content/drive/MyDrive/Skin Tone Fairness/DDI/000112.png,dermatofibroma,False,56,Dark,62,0.4246128499507904
113,000113.png,/content/drive/MyDrive/Skin Tone Fairness/DDI/000113.png,trichofolliculoma,False,56,Dark,58,0.6417189836502075
114,000114.png,/content/drive/MyDrive/Skin Tone Fairness/DDI/000114.png,seborrheic-keratosis,False,56,Dark,58,0.20615747570991516
115,000115.png,/content/drive/MyDrive/Skin Tone Fairness/DDI/000115.png,verruca-vulgaris,False,56,Dark,10,0.3501283824443817
116,000116.png,/content/drive/MyDrive/Skin Tone Fairness/DDI/000116.png,melanocytic-nevi,False,56,Dark,86,0.664151132106781
117,000117.png,/content/drive/MyDrive/Skin Tone Fairness/DDI/000117.png,verruca-vulgaris,False,34,Medium,0,0.3331068456172943
118,000118.png,/content/drive/MyDrive/Skin Tone Fairness/DDI/000118.png,lymphocytic-infiltrations,False,56,Dark,66,0.13689015805721283
119,000119.png,/content/drive/MyDrive/Skin Tone Fairness/DDI/000119.png,prurigo-nodularis,False,56,Dark,24,0.16793516278266907
120,000120.png,/content/drive/MyDrive/Skin Tone Fairness/DDI/000120.png,melanocytic-nevi,False,56,Dark,58,0.6104950308799744
121,000121.png,/content/drive/MyDrive/Skin Tone Fairness/DDI/000121.png,melanocytic-nevi,False,56,Dark,10,0.19628620147705078
122,000122.png,/content/drive/MyDrive/Skin Tone Fairness/DDI/000122.png,lipoma,False,12,Light,37,0.11775881052017212
123,000123.png,/content/drive/MyDrive/Skin Tone Fairness/DDI/000123.png,lipoma,False,12,Light,38,0.15800337493419647
124,000124.png,/content/drive/MyDrive/Skin Tone Fairness/DDI/000124.png,epidermal-cyst,False,56,Dark,37,0.23034043610095978
125,000125.png,/content/drive/MyDrive/Skin Tone Fairness/DDI/000125.png,kaposi-sarcoma,True,56,Dark,62,0.39969155192375183
126,000126.png,/content/drive/MyDrive/Skin Tone Fairness/DDI/000126.png,kaposi-sarcoma,True,56,Dark,103,0.5120716691017151
127,000127.png,/content/drive/MyDrive/Skin Tone Fairness/DDI/000127.png,acrochordon,False,56,Dark,7,0.48371022939682007
128,000128.png,/content/drive/MyDrive/Skin Tone Fairness/DDI/000128.png,scar,False,56,Dark,10,0.1409441977739334
129,000129.png,/content/drive/MyDrive/Skin Tone Fairness/DDI/000129.png,seborrheic-keratosis,False,56,Dark,93,0.20794492959976196
130,000130.png,/content/drive/MyDrive/Skin Tone Fairness/DDI/000130.png,benign-keratosis,False,56,Dark,32,0.645780622959137
131,000131.png,/content/drive/MyDrive/Skin Tone Fairness/DDI/000131.png,verruca-vulgaris,False,56,Dark,32,0.4630430340766907
132,000132.png,/content/drive/MyDrive/Skin Tone Fairness/DDI/000132.png,eccrine-poroma,False,56,Dark,32,0.22479590773582458
133,000133.png,/content/drive/MyDrive/Skin Tone Fairness/DDI/000133.png,acrochordon,False,56,Dark,37,0.24715794622898102
134,000134.png,/content/drive/MyDrive/Skin Tone Fairness/DDI/000134.png,acrochordon,False,56,Dark,37,0.23964662849903107
135,000135.png,/content/drive/MyDrive/Skin Tone Fairness/DDI/000135.png,angioleiomyoma,False,56,Dark,16,0.3010494112968445
136,000136.png,/content/drive/MyDrive/Skin Tone Fairness/DDI/000136.png,eccrine-poroma,False,56,Dark,93,0.30443763732910156
137,000137.png,/content/drive/MyDrive/Skin Tone Fairness/DDI/000137.png,eccrine-poroma,False,56,Dark,96,0.19137060642242432
138,000138.png,/content/drive/MyDrive/Skin Tone Fairness/DDI/000138.png,eccrine-poroma,False,56,Dark,8,0.5270453095436096
139,000139.png,/content/drive/MyDrive/Skin Tone Fairness/DDI/000139.png,dermatofibroma,False,56,Dark,43,0.10195647180080414
140,000140.png,/content/drive/MyDrive/Skin Tone Fairness/DDI/000140.png,acrochordon,False,56,Dark,58,0.7712445855140686
141,000141.png,/content/drive/MyDrive/Skin Tone Fairness/DDI/000141.png,acrochordon,False,56,Dark,43,0.3420240581035614
142,000142.png,/content/drive/MyDrive/Skin Tone Fairness/DDI/000142.png,seborrheic-keratosis-irritated,False,56,Dark,91,0.12443335354328156
143,000143.png,/content/drive/MyDrive/Skin Tone Fairness/DDI/000143.png,verruca-vulgaris,False,56,Dark,0,0.653219997882843
144,000144.png,/content/drive/MyDrive/Skin Tone Fairness/DDI/000144.png,epidermal-cyst,False,56,Dark,0,0.4737394154071808
145,000145.png,/content/drive/MyDrive/Skin Tone Fairness/DDI/000145.png,melanocytic-nevi,False,56,Dark,62,0.05995611101388931
146,000146.png,/content/drive/MyDrive/Skin Tone Fairness/DDI/000146.png,acrochordon,False,56,Dark,24,0.26271867752075195
147,000147.png,/content/drive/MyDrive/Skin Tone Fairness/DDI/000147.png,acrochordon,False,56,Dark,0,0.43288296461105347
148,000148.png,/content/drive/MyDrive/Skin Tone Fairness/DDI/000148.png,keloid,False,56,Dark,85,0.09430745989084244
149,000149.png,/content/drive/MyDrive/Skin Tone Fairness/DDI/000149.png,hematoma,False,56,Dark,10,0.11341971158981323
150,000150.png,/content/drive/MyDrive/Skin Tone Fairness/DDI/000150.png,epidermal-cyst,False,56,Dark,23,0.406150221824646
151,000151.png,/content/drive/MyDrive/Skin Tone Fairness/DDI/000151.png,benign-keratosis,False,56,Dark,73,0.6500963568687439
152,000152.png,/content/drive/MyDrive/Skin Tone Fairness/DDI/000152.png,melanocytic-nevi,False,56,Dark,23,0.8342167139053345
153,000153.png,/content/drive/MyDrive/Skin Tone Fairness/DDI/000153.png,seborrheic-keratosis,False,56,Dark,62,0.21483474969863892
154,000154.png,/content/drive/MyDrive/Skin Tone Fairness/DDI/000154.png,metastatic-carcinoma,True,56,Dark,32,0.3488333523273468
155,000155.png,/content/drive/MyDrive/Skin Tone Fairness/DDI/000155.png,melanocytic-nevi,False,56,Dark,7,0.394913911819458
156,000156.png,/content/drive/MyDrive/Skin Tone Fairness/DDI/000156.png,epidermal-cyst,False,56,Dark,0,0.16279463469982147
157,000157.png,/content/drive/MyDrive/Skin Tone Fairness/DDI/000157.png,verruca-vulgaris,False,56,Dark,32,0.3025320768356323
158,000158.png,/content/drive/MyDrive/Skin Tone Fairness/DDI/000158.png,squamous-cell-carcinoma-in-situ,True,56,Dark,0,0.4258280396461487
159,000159.png,/content/drive/MyDrive/Skin Tone Fairness/DDI/000159.png,melanocytic-nevi,False,56,Dark,23,0.1955643594264984
160,000160.png,/content/drive/MyDrive/Skin Tone Fairness/DDI/000160.png,seborrheic-keratosis,False,56,Dark,62,0.39471492171287537
161,000161.png,/content/drive/MyDrive/Skin Tone Fairness/DDI/000161.png,seborrheic-keratosis-irritated,False,56,Dark,7,0.2003972828388214
162,000162.png,/content/drive/MyDrive/Skin Tone Fairness/DDI/000162.png,melanoma,True,56,Dark,0,0.1478879302740097
163,000163.png,/content/drive/MyDrive/Skin Tone Fairness/DDI/000163.png,neurofibroma,False,56,Dark,0,0.42730024456977844
164,000164.png,/content/drive/MyDrive/Skin Tone Fairness/DDI/000164.png,angioma,False,56,Dark,48,0.1250700056552887
165,000165.png,/content/drive/MyDrive/Skin Tone Fairness/DDI/000165.png,metastatic-carcinoma,True,56,Dark,32,0.6837313175201416
166,000166.png,/content/drive/MyDrive/Skin Tone Fairness/DDI/000166.png,squamous-cell-carcinoma-in-situ,True,56,Dark,0,0.3547593653202057
167,000167.png,/content/drive/MyDrive/Skin Tone Fairness/DDI/000167.png,folliculitis,False,56,Dark,33,0.20347221195697784
168,000168.png,/content/drive/MyDrive/Skin Tone Fairness/DDI/000168.png,seborrheic-keratosis,False,56,Dark,0,0.5852609276771545
169,000169.png,/content/drive/MyDrive/Skin Tone Fairness/DDI/000169.png,squamous-cell-carcinoma,True,56,Dark,51,0.09176385402679443
170,000170.png,/content/drive/MyDrive/Skin Tone Fairness/DDI/000170.png,pyogenic-granuloma,False,56,Dark,35,0.25898775458335876
171,000171.png,/content/drive/MyDrive/Skin Tone Fairness/DDI/000171.png,scar,False,56,Dark,61,0.15613064169883728
172,000172.png,/content/drive/MyDrive/Skin Tone Fairness/DDI/000172.png,seborrheic-keratosis,False,56,Dark,31,0.3762589693069458
173,000173.png,/content/drive/MyDrive/Skin Tone Fairness/DDI/000173.png,atypical-spindle-cell-nevus-of-reed,True,56,Dark,34,0.18411891162395477
174,000174.png,/content/drive/MyDrive/Skin Tone Fairness/DDI/000174.png,seborrheic-keratosis,False,56,Dark,56,0.18473780155181885
175,000175.png,/content/drive/MyDrive/Skin Tone Fairness/DDI/000175.png,dermatofibroma,False,56,Dark,16,0.1552608758211136
176,000176.png,/content/drive/MyDrive/Skin Tone Fairness/DDI/000176.png,acrochordon,False,56,Dark,0,0.8665639162063599
177,000177.png,/content/drive/MyDrive/Skin Tone Fairness/DDI/000177.png,verruca-vulgaris,False,56,Dark,0,0.1454361230134964
178,000178.png,/content/drive/MyDrive/Skin Tone Fairness/DDI/000178.png,seborrheic-keratosis,False,56,Dark,86,0.17952124774456024
179,000179.png,/content/drive/MyDrive/Skin Tone Fairness/DDI/000179.png,dermatofibroma,False,56,Dark,103,0.3137119710445404
180,000180.png,/content/drive/MyDrive/Skin Tone Fairness/DDI/000180.png,seborrheic-keratosis,False,56,Dark,62,0.32305875420570374
181,000181.png,/content/drive/MyDrive/Skin Tone Fairness/DDI/000181.png,blue-nevus,False,56,Dark,96,0.09883826971054077
182,000182.png,/content/drive/MyDrive/Skin Tone Fairness/DDI/000182.png,melanocytic-nevi,False,56,Dark,56,0.3588319718837738
183,000183.png,/content/drive/MyDrive/Skin Tone Fairness/DDI/000183.png,melanocytic-nevi,False,56,Dark,103,0.23438093066215515
184,000184.png,/content/drive/MyDrive/Skin Tone Fairness/DDI/000184.png,melanocytic-nevi,False,34,Medium,10,0.2766614556312561
185,000185.png,/content/drive/MyDrive/Skin Tone Fairness/DDI/000185.png,eccrine-poroma,False,56,Dark,48,0.20062308013439178
186,000186.png,/content/drive/MyDrive/Skin Tone Fairness/DDI/000186.png,eccrine-poroma,False,56,Dark,61,0.22378945350646973
187,000187.png,/content/drive/MyDrive/Skin Tone Fairness/DDI/000187.png,seborrheic-keratosis-irritated,False,56,Dark,48,0.24749737977981567
188,000188.png,/content/drive/MyDrive/Skin Tone Fairness/DDI/000188.png,xanthogranuloma,False,34,Medium,41,0.41454318165779114
189,000189.png,/content/drive/MyDrive/Skin Tone Fairness/DDI/000189.png,melanocytic-nevi,False,34,Medium,48,0.1415751576423645
190,000190.png,/content/drive/MyDrive/Skin Tone Fairness/DDI/000190.png,dermatofibroma,False,56,Dark,56,0.35384130477905273
191,000191.png,/content/drive/MyDrive/Skin Tone Fairness/DDI/000191.png,melanocytic-nevi,False,56,Dark,7,0.2421775460243225
192,000192.png,/content/drive/MyDrive/Skin Tone Fairness/DDI/000192.png,seborrheic-keratosis,False,56,Dark,82,0.08957439661026001
193,000193.png,/content/drive/MyDrive/Skin Tone Fairness/DDI/000193.png,verruca-vulgaris,False,56,Dark,7,0.14076027274131775
194,000194.png,/content/drive/MyDrive/Skin Tone Fairness/DDI/000194.png,melanocytic-nevi,False,34,Medium,56,0.19422534108161926
195,000195.png,/content/drive/MyDrive/Skin Tone Fairness/DDI/000195.png,melanocytic-nevi,False,56,Dark,48,0.16240905225276947
196,000196.png,/content/drive/MyDrive/Skin Tone Fairness/DDI/000196.png,verruca-vulgaris,False,56,Dark,0,0.45911312103271484
197,000197.png,/content/drive/MyDrive/Skin Tone Fairness/DDI/000197.png,melanocytic-nevi,False,56,Dark,38,0.0751437172293663
198,000198.png,/content/drive/MyDrive/Skin Tone Fairness/DDI/000198.png,nevus-lipomatosus-superficialis,False,56,Dark,47,0.31861427426338196
199,000199.png,/content/drive/MyDrive/Skin Tone Fairness/DDI/000199.png,eczema-spongiotic-dermatitis,False,56,Dark,96,0.09170562773942947
200,000200.png,/content/drive/MyDrive/Skin Tone Fairness/DDI/000200.png,pyogenic-granuloma,False,56,Dark,76,0.4620794951915741
201,000201.png,/content/drive/MyDrive/Skin Tone Fairness/DDI/000201.png,seborrheic-keratosis,False,56,Dark,73,0.0729493573307991
202,000202.png,/content/drive/MyDrive/Skin Tone Fairness/DDI/000202.png,acrochordon,False,56,Dark,32,0.45199933648109436
203,000203.png,/content/drive/MyDrive/Skin Tone Fairness/DDI/000203.png,seborrheic-keratosis,False,56,Dark,96,0.46478068828582764
204,000204.png,/content/drive/MyDrive/Skin Tone Fairness/DDI/000204.png,verruca-vulgaris,False,56,Dark,0,0.10168636590242386
205,000205.png,/content/drive/MyDrive/Skin Tone Fairness/DDI/000205.png,melanocytic-nevi,False,56,Dark,62,0.18652649223804474
206,000206.png,/content/drive/MyDrive/Skin Tone Fairness/DDI/000206.png,melanocytic-nevi,False,56,Dark,103,0.5777518153190613
207,000207.png,/content/drive/MyDrive/Skin Tone Fairness/DDI/000207.png,melanocytic-nevi,False,56,Dark,93,0.1157875508069992
208,000208.png,/content/drive/MyDrive/Skin Tone Fairness/DDI/000208.png,arteriovenous-hemangioma,False,56,Dark,8,0.8463134169578552
209,000209.png,/content/drive/MyDrive/Skin Tone Fairness/DDI/000209.png,verruca-vulgaris,False,56,Dark,58,0.5309079885482788
210,000210.png,/content/drive/MyDrive/Skin Tone Fairness/DDI/000210.png,epidermal-cyst,False,56,Dark,10,0.2729778289794922
211,000211.png,/content/drive/MyDrive/Skin Tone Fairness/DDI/000211.png,epidermal-cyst,False,56,Dark,32,0.5371748805046082
212,000212.png,/content/drive/MyDrive/Skin Tone Fairness/DDI/000212.png,acne-cystic,False,56,Dark,24,0.07951001077890396
213,000213.png,/content/drive/MyDrive/Skin Tone Fairness/DDI/000213.png,neurofibroma,False,56,Dark,76,0.21045880019664764
214,000214.png,/content/drive/MyDrive/Skin Tone Fairness/DDI/000214.png,neurofibroma,False,56,Dark,10,0.5372389554977417
215,000215.png,/content/drive/MyDrive/Skin Tone Fairness/DDI/000215.png,arteriovenous-hemangioma,False,56,Dark,32,0.27396440505981445
216,000216.png,/content/drive/MyDrive/Skin Tone Fairness/DDI/000216.png,verruciform-xanthoma,False,56,Dark,76,0.24927224218845367
217,000217.png,/content/drive/MyDrive/Skin Tone Fairness/DDI/000217.png,eczema-spongiotic-dermatitis,False,56,Dark,80,0.25623756647109985
218,000218.png,/content/drive/MyDrive/Skin Tone Fairness/DDI/000218.png,eczema-spongiotic-dermatitis,False,56,Dark,16,0.17047889530658722
219,000219.png,/content/drive/MyDrive/Skin Tone Fairness/DDI/000219.png,molluscum-contagiosum,False,56,Dark,66,0.17961476743221283
220,000220.png,/content/drive/MyDrive/Skin Tone Fairness/DDI/000220.png,condyloma-accuminatum,False,56,Dark,58,0.30022796988487244
221,000221.png,/content/drive/MyDrive/Skin Tone Fairness/DDI/000221.png,epidermal-cyst,False,56,Dark,93,0.09885198622941971
222,000222.png,/content/drive/MyDrive/Skin Tone Fairness/DDI/000222.png,melanocytic-nevi,False,34,Medium,0,0.13324423134326935
223,000223.png,/content/drive/MyDrive/Skin Tone Fairness/DDI/000223.png,verruca-vulgaris,False,56,Dark,58,0.25281256437301636
224,000224.png,/content/drive/MyDrive/Skin Tone Fairness/DDI/000224.png,seborrheic-keratosis,False,34,Medium,103,0.26331788301467896
225,000225.png,/content/drive/MyDrive/Skin Tone Fairness/DDI/000225.png,dermatofibroma,False,56,Dark,31,0.35427311062812805
226,000226.png,/content/drive/MyDrive/Skin Tone Fairness/DDI/000226.png,seborrheic-keratosis,False,56,Dark,91,0.11177268624305725
227,000227.png,/content/drive/MyDrive/Skin Tone Fairness/DDI/000227.png,melanocytic-nevi,False,56,Dark,10,0.3491908609867096
228,000228.png,/content/drive/MyDrive/Skin Tone Fairness/DDI/000228.png,morphea,False,56,Dark,47,0.5859531164169312
229,000229.png,/content/drive/MyDrive/Skin Tone Fairness/DDI/000229.png,epidermal-cyst,False,56,Dark,7,0.4878993034362793
230,000230.png,/content/drive/MyDrive/Skin Tone Fairness/DDI/000230.png,pyogenic-granuloma,False,56,Dark,35,0.30464187264442444
231,000231.png,/content/drive/MyDrive/Skin Tone Fairness/DDI/000231.png,verruca-vulgaris,False,56,Dark,0,0.1381402164697647
232,000232.png,/content/drive/MyDrive/Skin Tone Fairness/DDI/000232.png,eczema-spongiotic-dermatitis,False,56,Dark,66,0.09224845468997955
233,000233.png,/content/drive/MyDrive/Skin Tone Fairness/DDI/000233.png,verruca-vulgaris,False,56,Dark,93,0.6221147775650024
234,000234.png,/content/drive/MyDrive/Skin Tone Fairness/DDI/000234.png,lipoma,False,56,Dark,111,0.23358148336410522
235,000235.png,/content/drive/MyDrive/Skin Tone Fairness/DDI/000235.png,epidermal-cyst,False,56,Dark,5,0.3135281205177307
236,000236.png,/content/drive/MyDrive/Skin Tone Fairness/DDI/000236.png,neuroma,False,56,Dark,103,0.34789222478866577
237,000237.png,/content/drive/MyDrive/Skin Tone Fairness/DDI/000237.png,seborrheic-keratosis,False,56,Dark,19,0.09665621072053909
238,000238.png,/content/drive/MyDrive/Skin Tone Fairness/DDI/000238.png,melanocytic-nevi,False,56,Dark,103,0.2303943932056427
239,000239.png,/content/drive/MyDrive/Skin Tone Fairness/DDI/000239.png,epidermal-cyst,False,56,Dark,0,0.24886952340602875
240,000240.png,/content/drive/MyDrive/Skin Tone Fairness/DDI/000240.png,inverted-follicular-keratosis,False,56,Dark,43,0.21575236320495605
241,000241.png,/content/drive/MyDrive/Skin Tone Fairness/DDI/000241.png,verruca-vulgaris,False,56,Dark,37,0.23367314040660858
242,000242.png,/content/drive/MyDrive/Skin Tone Fairness/DDI/000242.png,molluscum-contagiosum,False,56,Dark,47,0.2960655987262726
243,000243.png,/content/drive/MyDrive/Skin Tone Fairness/DDI/000243.png,dysplastic-nevus,False,34,Medium,10,0.27392569184303284
244,000244.png,/content/drive/MyDrive/Skin Tone Fairness/DDI/000244.png,squamous-cell-carcinoma,True,12,Light,103,0.126106858253479
245,000245.png,/content/drive/MyDrive/Skin Tone Fairness/DDI/000245.png,molluscum-contagiosum,False,56,Dark,31,0.176822692155838
246,000246.png,/content/drive/MyDrive/Skin Tone Fairness/DDI/000246.png,neurofibroma,False,56,Dark,91,0.31511297821998596
247,000247.png,/content/drive/MyDrive/Skin Tone Fairness/DDI/000247.png,seborrheic-keratosis,False,56,Dark,0,0.23865178227424622
248,000248.png,/content/drive/MyDrive/Skin Tone Fairness/DDI/000248.png,epidermal-cyst,False,56,Dark,37,0.7484638094902039
249,000249.png,/content/drive/MyDrive/Skin Tone Fairness/DDI/000249.png,abrasions-ulcerations-and-physical-injuries,False,56,Dark,16,0.3324054777622223
250,000250.png,/content/drive/MyDrive/Skin Tone Fairness/DDI/000250.png,neurofibroma,False,56,Dark,0,0.16630735993385315
251,000251.png,/content/drive/MyDrive/Skin Tone Fairness/DDI/000251.png,verruca-vulgaris,False,56,Dark,42,0.20679457485675812
252,000252.png,/content/drive/MyDrive/Skin Tone Fairness/DDI/000252.png,epidermal-cyst,False,12,Light,48,0.23387682437896729
253,000253.png,/content/drive/MyDrive/Skin Tone Fairness/DDI/000253.png,verruca-vulgaris,False,12,Light,42,0.376596063375473
254,000254.png,/content/drive/MyDrive/Skin Tone Fairness/DDI/000254.png,verruca-vulgaris,False,12,Light,76,0.16193774342536926
255,000255.png,/content/drive/MyDrive/Skin Tone Fairness/DDI/000255.png,verruca-vulgaris,False,12,Light,17,0.18979065120220184
256,000256.png,/content/drive/MyDrive/Skin Tone Fairness/DDI/000256.png,verruca-vulgaris,False,12,Light,81,0.26821908354759216
257,000257.png,/content/drive/MyDrive/Skin Tone Fairness/DDI/000257.png,verruca-vulgaris,False,12,Light,0,0.17590273916721344
258,000258.png,/content/drive/MyDrive/Skin Tone Fairness/DDI/000258.png,verruca-vulgaris,False,12,Light,10,0.4069969356060028
259,000259.png,/content/drive/MyDrive/Skin Tone Fairness/DDI/000259.png,seborrheic-keratosis-irritated,False,12,Light,32,0.4051271378993988
260,000260.png,/content/drive/MyDrive/Skin Tone Fairness/DDI/000260.png,seborrheic-keratosis-irritated,False,12,Light,77,0.19145527482032776
261,000261.png,/content/drive/MyDrive/Skin Tone Fairness/DDI/000261.png,melanoma,True,12,Light,55,0.17605985701084137
262,000262.png,/content/drive/MyDrive/Skin Tone Fairness/DDI/000262.png,nodular-melanoma-(nm),True,12,Light,56,0.18032459914684296
263,000263.png,/content/drive/MyDrive/Skin Tone Fairness/DDI/000263.png,melanoma,True,12,Light,56,0.3269273638725281
264,000264.png,/content/drive/MyDrive/Skin Tone Fairness/DDI/000264.png,actinic-keratosis,False,12,Light,42,0.06385155767202377
265,000265.png,/content/drive/MyDrive/Skin Tone Fairness/DDI/000265.png,dysplastic-nevus,False,12,Light,66,0.12317860871553421
266,000266.png,/content/drive/MyDrive/Skin Tone Fairness/DDI/000266.png,melanocytic-nevi,False,12,Light,69,0.33358335494995117
267,000267.png,/content/drive/MyDrive/Skin Tone Fairness/DDI/000267.png,melanocytic-nevi,False,12,Light,16,0.08564012497663498
268,000268.png,/content/drive/MyDrive/Skin Tone Fairness/DDI/000268.png,melanocytic-nevi,False,12,Light,98,0.25028568506240845
269,000269.png,/content/drive/MyDrive/Skin Tone Fairness/DDI/000269.png,melanocytic-nevi,False,12,Light,58,0.8704925775527954
270,000270.png,/content/drive/MyDrive/Skin Tone Fairness/DDI/000270.png,melanocytic-nevi,False,12,Light,8,0.3624406158924103
271,000271.png,/content/drive/MyDrive/Skin Tone Fairness/DDI/000271.png,melanocytic-nevi,False,12,Light,103,0.5187546014785767
272,000272.png,/content/drive/MyDrive/Skin Tone Fairness/DDI/000272.png,melanocytic-nevi,False,12,Light,103,0.2860659062862396
273,000273.png,/content/drive/MyDrive/Skin Tone Fairness/DDI/000273.png,melanocytic-nevi,False,12,Light,93,0.13459858298301697
274,000274.png,/content/drive/MyDrive/Skin Tone Fairness/DDI/000274.png,melanocytic-nevi,False,12,Light,103,0.2622317969799042
275,000275.png,/content/drive/MyDrive/Skin Tone Fairness/DDI/000275.png,melanocytic-nevi,False,12,Light,32,0.13530978560447693
276,000276.png,/content/drive/MyDrive/Skin Tone Fairness/DDI/000276.png,melanocytic-nevi,False,12,Light,56,0.4111039936542511
277,000277.png,/content/drive/MyDrive/Skin Tone Fairness/DDI/000277.png,melanocytic-nevi,False,12,Light,37,0.16438503563404083
278,000278.png,/content/drive/MyDrive/Skin Tone Fairness/DDI/000278.png,melanocytic-nevi,False,12,Light,8,0.11500908434391022
279,000279.png,/content/drive/MyDrive/Skin Tone Fairness/DDI/000279.png,melanocytic-nevi,False,12,Light,56,0.14642325043678284
280,000280.png,/content/drive/MyDrive/Skin Tone Fairness/DDI/000280.png,melanocytic-nevi,False,12,Light,96,0.20602911710739136
281,000281.png,/content/drive/MyDrive/Skin Tone Fairness/DDI/000281.png,melanocytic-nevi,False,12,Light,82,0.4045499861240387
282,000282.png,/content/drive/MyDrive/Skin Tone Fairness/DDI/000282.png,melanocytic-nevi,False,12,Light,48,0.08377566933631897
283,000283.png,/content/drive/MyDrive/Skin Tone Fairness/DDI/000283.png,melanocytic-nevi,False,12,Light,55,0.42978784441947937
284,000284.png,/content/drive/MyDrive/Skin Tone Fairness/DDI/000284.png,melanocytic-nevi,False,12,Light,103,0.4340903162956238
285,000285.png,/content/drive/MyDrive/Skin Tone Fairness/DDI/000285.png,melanocytic-nevi,False,12,Light,37,0.2789134681224823
286,000286.png,/content/drive/MyDrive/Skin Tone Fairness/DDI/000286.png,melanocytic-nevi,False,12,Light,10,0.48981568217277527
287,000287.png,/content/drive/MyDrive/Skin Tone Fairness/DDI/000287.png,melanocytic-nevi,False,12,Light,58,0.44064193964004517
288,000288.png,/content/drive/MyDrive/Skin Tone Fairness/DDI/000288.png,melanocytic-nevi,False,12,Light,93,0.08994747698307037
289,000289.png,/content/drive/MyDrive/Skin Tone Fairness/DDI/000289.png,basal-cell-carcinoma,True,12,Light,88,0.4194856584072113
290,000290.png,/content/drive/MyDrive/Skin Tone Fairness/DDI/000290.png,basal-cell-carcinoma,True,12,Light,17,0.1991608738899231
291,000291.png,/content/drive/MyDrive/Skin Tone Fairness/DDI/000291.png,basal-cell-carcinoma,True,12,Light,48,0.621702253818512
292,000292.png,/content/drive/MyDrive/Skin Tone Fairness/DDI/000292.png,basal-cell-carcinoma,True,12,Light,48,0.46326756477355957
293,000293.png,/content/drive/MyDrive/Skin Tone Fairness/DDI/000293.png,basal-cell-carcinoma,True,12,Light,33,0.2252672016620636
294,000294.png,/content/drive/MyDrive/Skin Tone Fairness/DDI/000294.png,squamous-cell-carcinoma-in-situ,True,12,Light,2,0.23167860507965088
295,000295.png,/content/drive/MyDrive/Skin Tone Fairness/DDI/000295.png,squamous-cell-carcinoma-in-situ,True,12,Light,8,0.4077393412590027
296,000296.png,/content/drive/MyDrive/Skin Tone Fairness/DDI/000296.png,squamous-cell-carcinoma-in-situ,True,12,Light,98,0.38287052512168884
297,000297.png,/content/drive/MyDrive/Skin Tone Fairness/DDI/000297.png,squamous-cell-carcinoma-in-situ,True,12,Light,8,0.3197731077671051
298,000298.png,/content/drive/MyDrive/Skin Tone Fairness/DDI/000298.png,squamous-cell-carcinoma-in-situ,True,12,Light,48,0.1925547868013382
299,000299.png,/content/drive/MyDrive/Skin Tone Fairness/DDI/000299.png,squamous-cell-carcinoma-in-situ,True,12,Light,7,0.10903982073068619
300,000300.png,/content/drive/MyDrive/Skin Tone Fairness/DDI/000300.png,squamous-cell-carcinoma-in-situ,True,12,Light,8,0.8107876181602478
301,000301.png,/content/drive/MyDrive/Skin Tone Fairness/DDI/000301.png,squamous-cell-carcinoma-in-situ,True,12,Light,8,0.4539160430431366
302,000302.png,/content/drive/MyDrive/Skin Tone Fairness/DDI/000302.png,squamous-cell-carcinoma-in-situ,True,12,Light,32,0.28880956768989563
303,000303.png,/content/drive/MyDrive/Skin Tone Fairness/DDI/000303.png,verruca-vulgaris,False,12,Light,42,0.1331993192434311
304,000304.png,/content/drive/MyDrive/Skin Tone Fairness/DDI/000304.png,seborrheic-keratosis-irritated,False,12,Light,96,0.22552531957626343
305,000305.png,/content/drive/MyDrive/Skin Tone Fairness/DDI/000305.png,melanocytic-nevi,False,12,Light,73,0.6761358976364136
306,000306.png,/content/drive/MyDrive/Skin Tone Fairness/DDI/000306.png,melanocytic-nevi,False,12,Light,66,0.20607636868953705
307,000307.png,/content/drive/MyDrive/Skin Tone Fairness/DDI/000307.png,melanocytic-nevi,False,12,Light,10,0.22550511360168457
308,000308.png,/content/drive/MyDrive/Skin Tone Fairness/DDI/000308.png,melanocytic-nevi,False,12,Light,103,0.38993582129478455
309,000309.png,/content/drive/MyDrive/Skin Tone Fairness/DDI/000309.png,melanocytic-nevi,False,12,Light,8,0.4238104522228241
310,000310.png,/content/drive/MyDrive/Skin Tone Fairness/DDI/000310.png,melanocytic-nevi,False,12,Light,10,0.2223728448152542
311,000311.png,/content/drive/MyDrive/Skin Tone Fairness/DDI/000311.png,melanocytic-nevi,False,12,Light,8,0.22326426208019257
312,000312.png,/content/drive/MyDrive/Skin Tone Fairness/DDI/000312.png,verruca-vulgaris,False,12,Light,46,0.31568536162376404
313,000313.png,/content/drive/MyDrive/Skin Tone Fairness/DDI/000313.png,verruca-vulgaris,False,12,Light,16,0.3653869032859802
314,000314.png,/content/drive/MyDrive/Skin Tone Fairness/DDI/000314.png,acrochordon,False,12,Light,16,0.10771557688713074
315,000315.png,/content/drive/MyDrive/Skin Tone Fairness/DDI/000315.png,lipoma,False,12,Light,66,0.23983828723430634
316,000316.png,/content/drive/MyDrive/Skin Tone Fairness/DDI/000316.png,melanocytic-nevi,False,12,Light,86,0.14447109401226044
317,000317.png,/content/drive/MyDrive/Skin Tone Fairness/DDI/000317.png,melanocytic-nevi,False,12,Light,48,0.1973578780889511
318,000318.png,/content/drive/MyDrive/Skin Tone Fairness/DDI/000318.png,melanocytic-nevi,False,12,Light,73,0.499161034822464
319,000319.png,/content/drive/MyDrive/Skin Tone Fairness/DDI/000319.png,epidermal-cyst,False,12,Light,111,0.11830975115299225
320,000320.png,/content/drive/MyDrive/Skin Tone Fairness/DDI/000320.png,melanocytic-nevi,False,12,Light,53,0.4717046022415161
321,000321.png,/content/drive/MyDrive/Skin Tone Fairness/DDI/000321.png,melanocytic-nevi,False,12,Light,54,0.07873745262622833
322,000322.png,/content/drive/MyDrive/Skin Tone Fairness/DDI/000322.png,melanocytic-nevi,False,12,Light,37,0.10384441167116165
323,000323.png,/content/drive/MyDrive/Skin Tone Fairness/DDI/000323.png,melanocytic-nevi,False,12,Light,8,0.6414797306060791
324,000324.png,/content/drive/MyDrive/Skin Tone Fairness/DDI/000324.png,melanocytic-nevi,False,12,Light,93,0.13456037640571594
325,000325.png,/content/drive/MyDrive/Skin Tone Fairness/DDI/000325.png,epidermal-cyst,False,12,Light,93,0.2797798812389374
326,000326.png,/content/drive/MyDrive/Skin Tone Fairness/DDI/000326.png,epidermal-cyst,False,12,Light,41,0.16001686453819275
327,000327.png,/content/drive/MyDrive/Skin Tone Fairness/DDI/000327.png,epidermal-cyst,False,12,Light,0,0.3786053955554962
328,000328.png,/content/drive/MyDrive/Skin Tone Fairness/DDI/000328.png,melanocytic-nevi,False,12,Light,11,0.2564016580581665
329,000329.png,/content/drive/MyDrive/Skin Tone Fairness/DDI/000329.png,seborrheic-keratosis,False,12,Light,8,0.6738154292106628
330,000330.png,/content/drive/MyDrive/Skin Tone Fairness/DDI/000330.png,seborrheic-keratosis,False,12,Light,69,0.12538741528987885
331,000331.png,/content/drive/MyDrive/Skin Tone Fairness/DDI/000331.png,seborrheic-keratosis,False,12,Light,7,0.10060527920722961
332,000332.png,/content/drive/MyDrive/Skin Tone Fairness/DDI/000332.png,seborrheic-keratosis,False,12,Light,46,0.19664451479911804
333,000333.png,/content/drive/MyDrive/Skin Tone Fairness/DDI/000333.png,prurigo-nodularis,False,34,Medium,42,0.13254697620868683
334,000334.png,/content/drive/MyDrive/Skin Tone Fairness/DDI/000334.png,prurigo-nodularis,False,12,Light,85,0.2710456848144531
335,000335.png,/content/drive/MyDrive/Skin Tone Fairness/DDI/000335.png,dermatofibroma,False,12,Light,16,0.6199950575828552
336,000336.png,/content/drive/MyDrive/Skin Tone Fairness/DDI/000336.png,arteriovenous-hemangioma,False,12,Light,7,0.23731572926044464
337,000337.png,/content/drive/MyDrive/Skin Tone Fairness/DDI/000337.png,verruca-vulgaris,False,12,Light,41,0.14125798642635345
338,000338.png,/content/drive/MyDrive/Skin Tone Fairness/DDI/000338.png,verruca-vulgaris,False,12,Light,75,0.21504977345466614
339,000339.png,/content/drive/MyDrive/Skin Tone Fairness/DDI/000339.png,verruca-vulgaris,False,12,Light,8,0.12481282651424408
340,000340.png,/content/drive/MyDrive/Skin Tone Fairness/DDI/000340.png,verruca-vulgaris,False,12,Light,48,0.38750791549682617
341,000341.png,/content/drive/MyDrive/Skin Tone Fairness/DDI/000341.png,verruca-vulgaris,False,12,Light,16,0.8334170579910278
342,000342.png,/content/drive/MyDrive/Skin Tone Fairness/DDI/000342.png,verruca-vulgaris,False,12,Light,8,0.14474697411060333
343,000343.png,/content/drive/MyDrive/Skin Tone Fairness/DDI/000343.png,verruca-vulgaris,False,12,Light,92,0.2247336059808731
344,000344.png,/content/drive/MyDrive/Skin Tone Fairness/DDI/000344.png,verruca-vulgaris,False,12,Light,56,0.42048460245132446
345,000345.png,/content/drive/MyDrive/Skin Tone Fairness/DDI/000345.png,verruca-vulgaris,False,12,Light,56,0.22892573475837708
346,000346.png,/content/drive/MyDrive/Skin Tone Fairness/DDI/000346.png,verruca-vulgaris,False,12,Light,16,0.408782422542572
347,000347.png,/content/drive/MyDrive/Skin Tone Fairness/DDI/000347.png,verruca-vulgaris,False,12,Light,16,0.19319576025009155
348,000348.png,/content/drive/MyDrive/Skin Tone Fairness/DDI/000348.png,verruca-vulgaris,False,12,Light,10,0.33134907484054565
349,000349.png,/content/drive/MyDrive/Skin Tone Fairness/DDI/000349.png,verruca-vulgaris,False,12,Light,96,0.4390445351600647
350,000350.png,/content/drive/MyDrive/Skin Tone Fairness/DDI/000350.png,verruca-vulgaris,False,12,Light,8,0.2884032130241394
351,000351.png,/content/drive/MyDrive/Skin Tone Fairness/DDI/000351.png,verruca-vulgaris,False,12,Light,15,0.11551094055175781
352,000352.png,/content/drive/MyDrive/Skin Tone Fairness/DDI/000352.png,verruca-vulgaris,False,12,Light,5,0.5687366724014282
353,000353.png,/content/drive/MyDrive/Skin Tone Fairness/DDI/000353.png,verruca-vulgaris,False,12,Light,86,0.10561959445476532
354,000354.png,/content/drive/MyDrive/Skin Tone Fairness/DDI/000354.png,pyogenic-granuloma,False,12,Light,88,0.16494232416152954
355,000355.png,/content/drive/MyDrive/Skin Tone Fairness/DDI/000355.png,seborrheic-keratosis,False,12,Light,77,0.26595112681388855
356,000356.png,/content/drive/MyDrive/Skin Tone Fairness/DDI/000356.png,epidermal-cyst,False,12,Light,103,0.4769156277179718
357,000357.png,/content/drive/MyDrive/Skin Tone Fairness/DDI/000357.png,seborrheic-keratosis,False,12,Light,10,0.26166844367980957
358,000358.png,/content/drive/MyDrive/Skin Tone Fairness/DDI/000358.png,seborrheic-keratosis,False,12,Light,8,0.6190500259399414
359,000359.png,/content/drive/MyDrive/Skin Tone Fairness/DDI/000359.png,squamous-cell-carcinoma-keratoacanthoma,True,12,Light,11,0.2073945850133896
360,000360.png,/content/drive/MyDrive/Skin Tone Fairness/DDI/000360.png,epidermal-cyst,False,12,Light,7,0.5080736875534058
361,000361.png,/content/drive/MyDrive/Skin Tone Fairness/DDI/000361.png,epidermal-cyst,False,12,Light,5,0.28077512979507446
362,000362.png,/content/drive/MyDrive/Skin Tone Fairness/DDI/000362.png,seborrheic-keratosis,False,34,Medium,7,0.19247403740882874
363,000363.png,/content/drive/MyDrive/Skin Tone Fairness/DDI/000363.png,seborrheic-keratosis,False,34,Medium,7,0.24711298942565918
364,000364.png,/content/drive/MyDrive/Skin Tone Fairness/DDI/000364.png,squamous-cell-carcinoma-in-situ,True,12,Light,8,0.353748083114624
365,000365.png,/content/drive/MyDrive/Skin Tone Fairness/DDI/000365.png,epidermal-cyst,False,12,Light,58,0.20271191000938416
366,000366.png,/content/drive/MyDrive/Skin Tone Fairness/DDI/000366.png,pyogenic-granuloma,False,12,Light,16,0.5790460109710693
367,000367.png,/content/drive/MyDrive/Skin Tone Fairness/DDI/000367.png,mycosis-fungoides,True,12,Light,35,0.1181321069598198
368,000368.png,/content/drive/MyDrive/Skin Tone Fairness/DDI/000368.png,mycosis-fungoides,True,12,Light,34,0.10795918852090836
369,000369.png,/content/drive/MyDrive/Skin Tone Fairness/DDI/000369.png,mycosis-fungoides,True,12,Light,38,0.5860666036605835
370,000370.png,/content/drive/MyDrive/Skin Tone Fairness/DDI/000370.png,seborrheic-keratosis-irritated,False,12,Light,32,0.4502740502357483
371,000371.png,/content/drive/MyDrive/Skin Tone Fairness/DDI/000371.png,seborrheic-keratosis-irritated,False,12,Light,98,0.5259144306182861
372,000372.png,/content/drive/MyDrive/Skin Tone Fairness/DDI/000372.png,neurofibroma,False,12,Light,58,0.3987272381782532
373,000373.png,/content/drive/MyDrive/Skin Tone Fairness/DDI/000373.png,neurofibroma,False,12,Light,56,0.2611921727657318
374,000374.png,/content/drive/MyDrive/Skin Tone Fairness/DDI/000374.png,neurofibroma,False,12,Light,35,0.15942305326461792
375,000375.png,/content/drive/MyDrive/Skin Tone Fairness/DDI/000375.png,nevus-lipomatosus-superficialis,False,12,Light,42,0.12618473172187805
376,000376.png,/content/drive/MyDrive/Skin Tone Fairness/DDI/000376.png,neurofibroma,False,12,Light,41,0.17193187773227692
377,000377.png,/content/drive/MyDrive/Skin Tone Fairness/DDI/000377.png,neurofibroma,False,12,Light,8,0.33554524183273315
378,000378.png,/content/drive/MyDrive/Skin Tone Fairness/DDI/000378.png,neurofibroma,False,12,Light,48,0.1973642259836197
379,000379.png,/content/drive/MyDrive/Skin Tone Fairness/DDI/000379.png,nevus-lipomatosus-superficialis,False,12,Light,37,0.40086865425109863
380,000380.png,/content/drive/MyDrive/Skin Tone Fairness/DDI/000380.png,syringocystadenoma-papilliferum,False,12,Light,88,0.4095233082771301
381,000381.png,/content/drive/MyDrive/Skin Tone Fairness/DDI/000381.png,pyogenic-granuloma,False,12,Light,8,0.8127583861351013
382,000382.png,/content/drive/MyDrive/Skin Tone Fairness/DDI/000382.png,inverted-follicular-keratosis,False,34,Medium,56,0.4830895662307739
383,000383.png,/content/drive/MyDrive/Skin Tone Fairness/DDI/000383.png,inverted-follicular-keratosis,False,12,Light,8,0.433940589427948
384,000384.png,/content/drive/MyDrive/Skin Tone Fairness/DDI/000384.png,inverted-follicular-keratosis,False,12,Light,8,0.5641010403633118
385,000385.png,/content/drive/MyDrive/Skin Tone Fairness/DDI/000385.png,trichofolliculoma,False,12,Light,76,0.40999823808670044
386,000386.png,/content/drive/MyDrive/Skin Tone Fairness/DDI/000386.png,kaposi-sarcoma,True,12,Light,103,0.2953435778617859
387,000387.png,/content/drive/MyDrive/Skin Tone Fairness/DDI/000387.png,kaposi-sarcoma,True,12,Light,8,0.5903424620628357
388,000388.png,/content/drive/MyDrive/Skin Tone Fairness/DDI/000388.png,kaposi-sarcoma,True,12,Light,16,0.34369903802871704
389,000389.png,/content/drive/MyDrive/Skin Tone Fairness/DDI/000389.png,eccrine-poroma,False,12,Light,93,0.11816349625587463
390,000390.png,/content/drive/MyDrive/Skin Tone Fairness/DDI/000390.png,eccrine-poroma,False,12,Light,98,0.43389463424682617
391,000391.png,/content/drive/MyDrive/Skin Tone Fairness/DDI/000391.png,eccrine-poroma,False,12,Light,23,0.10285410284996033
392,000392.png,/content/drive/MyDrive/Skin Tone Fairness/DDI/000392.png,dermatofibroma,False,12,Light,5,0.36869940161705017
393,000393.png,/content/drive/MyDrive/Skin Tone Fairness/DDI/000393.png,dermatofibroma,False,12,Light,32,0.12086018919944763
394,000394.png,/content/drive/MyDrive/Skin Tone Fairness/DDI/000394.png,xanthogranuloma,False,34,Medium,86,0.3166326582431793
395,000395.png,/content/drive/MyDrive/Skin Tone Fairness/DDI/000395.png,molluscum-contagiosum,False,12,Light,0,0.11273442208766937
396,000396.png,/content/drive/MyDrive/Skin Tone Fairness/DDI/000396.png,seborrheic-keratosis,False,12,Light,0,0.08330333977937698
397,000397.png,/content/drive/MyDrive/Skin Tone Fairness/DDI/000397.png,metastatic-carcinoma,True,12,Light,91,0.3126937448978424
398,000398.png,/content/drive/MyDrive/Skin Tone Fairness/DDI/000398.png,condyloma-accuminatum,False,12,Light,42,0.2538940906524658
399,000399.png,/content/drive/MyDrive/Skin Tone Fairness/DDI/000399.png,prurigo-nodularis,False,12,Light,56,0.21756796538829803
400,000400.png,/content/drive/MyDrive/Skin Tone Fairness/DDI/000400.png,pigmented-spindle-cell-nevus-of-reed,False,12,Light,10,0.24163882434368134
401,000401.png,/content/drive/MyDrive/Skin Tone Fairness/DDI/000401.png,molluscum-contagiosum,False,12,Light,16,0.29822519421577454
402,000402.png,/content/drive/MyDrive/Skin Tone Fairness/DDI/000402.png,dermatofibroma,False,12,Light,8,0.2657836675643921
403,000403.png,/content/drive/MyDrive/Skin Tone Fairness/DDI/000403.png,angioma,False,12,Light,56,0.8595839142799377
404,000404.png,/content/drive/MyDrive/Skin Tone Fairness/DDI/000404.png,dysplastic-nevus,False,12,Light,10,0.31980133056640625
405,000405.png,/content/drive/MyDrive/Skin Tone Fairness/DDI/000405.png,basal-cell-carcinoma-nodular,True,12,Light,48,0.5207301378250122
406,000406.png,/content/drive/MyDrive/Skin Tone Fairness/DDI/000406.png,basal-cell-carcinoma-nodular,True,12,Light,48,0.5874504446983337
407,000407.png,/content/drive/MyDrive/Skin Tone Fairness/DDI/000407.png,basal-cell-carcinoma-nodular,True,12,Light,6,0.1522788256406784
408,000408.png,/content/drive/MyDrive/Skin Tone Fairness/DDI/000408.png,squamous-cell-carcinoma-in-situ,True,12,Light,8,0.7391330003738403
409,000409.png,/content/drive/MyDrive/Skin Tone Fairness/DDI/000409.png,squamous-cell-carcinoma-in-situ,True,12,Light,42,0.1923026144504547
410,000410.png,/content/drive/MyDrive/Skin Tone Fairness/DDI/000410.png,squamous-cell-carcinoma-in-situ,True,12,Light,27,0.16089029610157013
411,000411.png,/content/drive/MyDrive/Skin Tone Fairness/DDI/000411.png,epidermal-cyst,False,12,Light,16,0.09639304876327515
412,000412.png,/content/drive/MyDrive/Skin Tone Fairness/DDI/000412.png,epidermal-cyst,False,12,Light,93,0.1269035041332245
413,000413.png,/content/drive/MyDrive/Skin Tone Fairness/DDI/000413.png,epidermal-cyst,False,12,Light,56,0.6528590321540833
414,000414.png,/content/drive/MyDrive/Skin Tone Fairness/DDI/000414.png,epidermal-cyst,False,12,Light,0,0.2639012932777405
415,000415.png,/content/drive/MyDrive/Skin Tone Fairness/DDI/000415.png,seborrheic-keratosis,False,12,Light,8,0.268547922372818
416,000416.png,/content/drive/MyDrive/Skin Tone Fairness/DDI/000416.png,seborrheic-keratosis,False,12,Light,103,0.38968077301979065
417,000417.png,/content/drive/MyDrive/Skin Tone Fairness/DDI/000417.png,seborrheic-keratosis,False,12,Light,56,0.13318921625614166
418,000418.png,/content/drive/MyDrive/Skin Tone Fairness/DDI/000418.png,seborrheic-keratosis,False,12,Light,103,0.29354310035705566
419,000419.png,/content/drive/MyDrive/Skin Tone Fairness/DDI/000419.png,seborrheic-keratosis,False,12,Light,56,0.34703528881073
420,000420.png,/content/drive/MyDrive/Skin Tone Fairness/DDI/000420.png,dermatofibroma,False,12,Light,14,0.19439709186553955
421,000421.png,/content/drive/MyDrive/Skin Tone Fairness/DDI/000421.png,seborrheic-keratosis-irritated,False,12,Light,46,0.360760360956192
422,000422.png,/content/drive/MyDrive/Skin Tone Fairness/DDI/000422.png,molluscum-contagiosum,False,12,Light,48,0.2318369448184967
423,000423.png,/content/drive/MyDrive/Skin Tone Fairness/DDI/000423.png,dermatofibroma,False,12,Light,42,0.5596070885658264
424,000424.png,/content/drive/MyDrive/Skin Tone Fairness/DDI/000424.png,seborrheic-keratosis-irritated,False,12,Light,55,0.13732869923114777
425,000425.png,/content/drive/MyDrive/Skin Tone Fairness/DDI/000425.png,seborrheic-keratosis,False,12,Light,17,0.1378435492515564
426,000426.png,/content/drive/MyDrive/Skin Tone Fairness/DDI/000426.png,seborrheic-keratosis,False,12,Light,37,0.22959977388381958
427,000427.png,/content/drive/MyDrive/Skin Tone Fairness/DDI/000427.png,seborrheic-keratosis,False,12,Light,32,0.4397140443325043
428,000428.png,/content/drive/MyDrive/Skin Tone Fairness/DDI/000428.png,epidermal-cyst,False,12,Light,93,0.2694305181503296
429,000429.png,/content/drive/MyDrive/Skin Tone Fairness/DDI/000429.png,seborrheic-keratosis,False,12,Light,56,0.11905109882354736
430,000430.png,/content/drive/MyDrive/Skin Tone Fairness/DDI/000430.png,epidermal-cyst,False,12,Light,48,0.13963085412979126
431,000431.png,/content/drive/MyDrive/Skin Tone Fairness/DDI/000431.png,epidermal-cyst,False,12,Light,33,0.07875405997037888
432,000432.png,/content/drive/MyDrive/Skin Tone Fairness/DDI/000432.png,seborrheic-keratosis,False,12,Light,56,0.7614669799804688
433,000433.png,/content/drive/MyDrive/Skin Tone Fairness/DDI/000433.png,seborrheic-keratosis,False,12,Light,57,0.23517532646656036
434,000434.png,/content/drive/MyDrive/Skin Tone Fairness/DDI/000434.png,seborrheic-keratosis,False,12,Light,42,0.1934969425201416
435,000435.png,/content/drive/MyDrive/Skin Tone Fairness/DDI/000435.png,seborrheic-keratosis,False,12,Light,46,0.15330886840820312
436,000436.png,/content/drive/MyDrive/Skin Tone Fairness/DDI/000436.png,seborrheic-keratosis-irritated,False,12,Light,56,0.3508169651031494
437,000437.png,/content/drive/MyDrive/Skin Tone Fairness/DDI/000437.png,seborrheic-keratosis-irritated,False,12,Light,32,0.24029025435447693
438,000438.png,/content/drive/MyDrive/Skin Tone Fairness/DDI/000438.png,melanocytic-nevi,False,12,Light,93,0.21254438161849976
439,000439.png,/content/drive/MyDrive/Skin Tone Fairness/DDI/000439.png,melanocytic-nevi,False,12,Light,91,0.08808500319719315
440,000440.png,/content/drive/MyDrive/Skin Tone Fairness/DDI/000440.png,basal-cell-carcinoma-nodular,True,12,Light,103,0.6751775145530701
441,000441.png,/content/drive/MyDrive/Skin Tone Fairness/DDI/000441.png,dermatofibroma,False,34,Medium,43,0.21932923793792725
442,000442.png,/content/drive/MyDrive/Skin Tone Fairness/DDI/000442.png,dysplastic-nevus,False,34,Medium,0,0.5065594911575317
443,000443.png,/content/drive/MyDrive/Skin Tone Fairness/DDI/000443.png,melanoma,True,34,Medium,56,0.1973058432340622
444,000444.png,/content/drive/MyDrive/Skin Tone Fairness/DDI/000444.png,dermatofibroma,False,34,Medium,0,0.4538428485393524
445,000445.png,/content/drive/MyDrive/Skin Tone Fairness/DDI/000445.png,seborrheic-keratosis,False,34,Medium,103,0.17108114063739777
446,000446.png,/content/drive/MyDrive/Skin Tone Fairness/DDI/000446.png,dysplastic-nevus,False,34,Medium,37,0.560918927192688
447,000447.png,/content/drive/MyDrive/Skin Tone Fairness/DDI/000447.png,melanocytic-nevi,False,34,Medium,43,0.17052842676639557
448,000448.png,/content/drive/MyDrive/Skin Tone Fairness/DDI/000448.png,dysplastic-nevus,False,34,Medium,69,0.3532559275627136
449,000449.png,/content/drive/MyDrive/Skin Tone Fairness/DDI/000449.png,seborrheic-keratosis,False,34,Medium,46,0.5433670282363892
450,000450.png,/content/drive/MyDrive/Skin Tone Fairness/DDI/000450.png,epidermal-cyst,False,34,Medium,0,0.17601332068443298
451,000451.png,/content/drive/MyDrive/Skin Tone Fairness/DDI/000451.png,melanoma,True,34,Medium,8,0.7350579500198364
452,000452.png,/content/drive/MyDrive/Skin Tone Fairness/DDI/000452.png,melanocytic-nevi,False,34,Medium,103,0.25530168414115906
453,000453.png,/content/drive/MyDrive/Skin Tone Fairness/DDI/000453.png,epidermal-cyst,False,34,Medium,48,0.23579810559749603
454,000454.png,/content/drive/MyDrive/Skin Tone Fairness/DDI/000454.png,melanocytic-nevi,False,34,Medium,58,0.23264625668525696
455,000455.png,/content/drive/MyDrive/Skin Tone Fairness/DDI/000455.png,acrochordon,False,34,Medium,77,0.7254731059074402
456,000456.png,/content/drive/MyDrive/Skin Tone Fairness/DDI/000456.png,dermatomyositis,False,34,Medium,93,0.24871498346328735
457,000457.png,/content/drive/MyDrive/Skin Tone Fairness/DDI/000457.png,melanocytic-nevi,False,34,Medium,69,0.28850114345550537
458,000458.png,/content/drive/MyDrive/Skin Tone Fairness/DDI/000458.png,melanocytic-nevi,False,34,Medium,82,0.06763206422328949
459,000459.png,/content/drive/MyDrive/Skin Tone Fairness/DDI/000459.png,melanocytic-nevi,False,34,Medium,103,0.16493789851665497
460,000460.png,/content/drive/MyDrive/Skin Tone Fairness/DDI/000460.png,melanocytic-nevi,False,34,Medium,48,0.35405632853507996
461,000461.png,/content/drive/MyDrive/Skin Tone Fairness/DDI/000461.png,dysplastic-nevus,False,34,Medium,10,0.3371109962463379
462,000462.png,/content/drive/MyDrive/Skin Tone Fairness/DDI/000462.png,melanocytic-nevi,False,34,Medium,7,0.14202944934368134
463,000463.png,/content/drive/MyDrive/Skin Tone Fairness/DDI/000463.png,onychomycosis,False,34,Medium,23,0.21808001399040222
464,000464.png,/content/drive/MyDrive/Skin Tone Fairness/DDI/000464.png,glomangioma,False,34,Medium,10,0.3154038190841675
465,000465.png,/content/drive/MyDrive/Skin Tone Fairness/DDI/000465.png,melanocytic-nevi,False,34,Medium,93,0.11685292422771454
466,000466.png,/content/drive/MyDrive/Skin Tone Fairness/DDI/000466.png,melanocytic-nevi,False,34,Medium,56,0.29224663972854614
467,000467.png,/content/drive/MyDrive/Skin Tone Fairness/DDI/000467.png,cellular-neurothekeoma,False,34,Medium,58,0.4544714689254761
468,000468.png,/content/drive/MyDrive/Skin Tone Fairness/DDI/000468.png,pyogenic-granuloma,False,34,Medium,7,0.15466740727424622
469,000469.png,/content/drive/MyDrive/Skin Tone Fairness/DDI/000469.png,dermatofibroma,False,34,Medium,69,0.08056626468896866
470,000470.png,/content/drive/MyDrive/Skin Tone Fairness/DDI/000470.png,fibrous-papule,False,34,Medium,16,0.1311478167772293
471,000471.png,/content/drive/MyDrive/Skin Tone Fairness/DDI/000471.png,fibrous-papule,False,34,Medium,94,0.09381230920553207
472,000472.png,/content/drive/MyDrive/Skin Tone Fairness/DDI/000472.png,graft-vs-host-disease,False,34,Medium,48,0.31553781032562256
473,000473.png,/content/drive/MyDrive/Skin Tone Fairness/DDI/000473.png,blue-nevus,False,34,Medium,103,0.4640869200229645
474,000474.png,/content/drive/MyDrive/Skin Tone Fairness/DDI/000474.png,mycosis-fungoides,True,34,Medium,65,0.2528332769870758
475,000475.png,/content/drive/MyDrive/Skin Tone Fairness/DDI/000475.png,melanocytic-nevi,False,34,Medium,69,0.09569749236106873
476,000476.png,/content/drive/MyDrive/Skin Tone Fairness/DDI/000476.png,seborrheic-keratosis,False,34,Medium,32,0.26085972785949707
477,000477.png,/content/drive/MyDrive/Skin Tone Fairness/DDI/000477.png,squamous-cell-carcinoma-keratoacanthoma,True,34,Medium,27,0.21441121399402618
478,000478.png,/content/drive/MyDrive/Skin Tone Fairness/DDI/000478.png,basal-cell-carcinoma,True,34,Medium,8,0.41576093435287476
479,000479.png,/content/drive/MyDrive/Skin Tone Fairness/DDI/000479.png,epidermal-cyst,False,34,Medium,76,0.18257072567939758
480,000480.png,/content/drive/MyDrive/Skin Tone Fairness/DDI/000480.png,dysplastic-nevus,False,34,Medium,62,0.258504718542099
481,000481.png,/content/drive/MyDrive/Skin Tone Fairness/DDI/000481.png,basal-cell-carcinoma,True,34,Medium,83,0.2744307219982147
482,000482.png,/content/drive/MyDrive/Skin Tone Fairness/DDI/000482.png,seborrheic-keratosis,False,34,Medium,103,0.4225246012210846
483,000483.png,/content/drive/MyDrive/Skin Tone Fairness/DDI/000483.png,squamous-cell-carcinoma,True,34,Medium,11,0.15429659187793732
484,000484.png,/content/drive/MyDrive/Skin Tone Fairness/DDI/000484.png,basal-cell-carcinoma,True,34,Medium,77,0.1972794085741043
485,000485.png,/content/drive/MyDrive/Skin Tone Fairness/DDI/000485.png,squamous-cell-carcinoma,True,34,Medium,98,0.30738377571105957
486,000486.png,/content/drive/MyDrive/Skin Tone Fairness/DDI/000486.png,verruca-vulgaris,False,34,Medium,16,0.1255256086587906
487,000487.png,/content/drive/MyDrive/Skin Tone Fairness/DDI/000487.png,mycosis-fungoides,True,34,Medium,62,0.4941616356372833
488,000488.png,/content/drive/MyDrive/Skin Tone Fairness/DDI/000488.png,basal-cell-carcinoma,True,34,Medium,0,0.23098903894424438
489,000489.png,/content/drive/MyDrive/Skin Tone Fairness/DDI/000489.png,angioma,False,34,Medium,17,0.37746626138687134
490,000490.png,/content/drive/MyDrive/Skin Tone Fairness/DDI/000490.png,graft-vs-host-disease,False,34,Medium,91,0.17260946333408356
491,000491.png,/content/drive/MyDrive/Skin Tone Fairness/DDI/000491.png,angioma,False,34,Medium,16,0.15716469287872314
492,000492.png,/content/drive/MyDrive/Skin Tone Fairness/DDI/000492.png,angioma,False,34,Medium,8,0.3551611006259918
493,000493.png,/content/drive/MyDrive/Skin Tone Fairness/DDI/000493.png,melanoma,True,34,Medium,66,0.28420475125312805
494,000494.png,/content/drive/MyDrive/Skin Tone Fairness/DDI/000494.png,squamous-cell-carcinoma-in-situ,True,34,Medium,46,0.22019697725772858
495,000495.png,/content/drive/MyDrive/Skin Tone Fairness/DDI/000495.png,melanocytic-nevi,False,34,Medium,16,0.1925707459449768
496,000496.png,/content/drive/MyDrive/Skin Tone Fairness/DDI/000496.png,hyperpigmentation,False,34,Medium,12,0.08560098707675934
497,000497.png,/content/drive/MyDrive/Skin Tone Fairness/DDI/000497.png,blue-nevus,False,34,Medium,37,0.22045835852622986
498,000498.png,/content/drive/MyDrive/Skin Tone Fairness/DDI/000498.png,melanocytic-nevi,False,34,Medium,96,0.14948156476020813
499,000499.png,/content/drive/MyDrive/Skin Tone Fairness/DDI/000499.png,melanocytic-nevi,False,34,Medium,69,0.31768402457237244
500,000500.png,/content/drive/MyDrive/Skin Tone Fairness/DDI/000500.png,squamous-cell-carcinoma-in-situ,True,34,Medium,91,0.1959260106086731
501,000501.png,/content/drive/MyDrive/Skin Tone Fairness/DDI/000501.png,basal-cell-carcinoma,True,34,Medium,41,0.17423942685127258
502,000502.png,/content/drive/MyDrive/Skin Tone Fairness/DDI/000502.png,actinic-keratosis,False,34,Medium,8,0.3444475531578064
503,000503.png,/content/drive/MyDrive/Skin Tone Fairness/DDI/000503.png,seborrheic-keratosis,False,34,Medium,51,0.17859531939029694
504,000504.png,/content/drive/MyDrive/Skin Tone Fairness/DDI/000504.png,melanocytic-nevi,False,34,Medium,53,0.12336669862270355
505,000505.png,/content/drive/MyDrive/Skin Tone Fairness/DDI/000505.png,dysplastic-nevus,False,34,Medium,86,0.6817384958267212
506,000506.png,/content/drive/MyDrive/Skin Tone Fairness/DDI/000506.png,verruca-vulgaris,False,34,Medium,75,0.14470304548740387
507,000507.png,/content/drive/MyDrive/Skin Tone Fairness/DDI/000507.png,prurigo-nodularis,False,34,Medium,69,0.2420339435338974
508,000508.png,/content/drive/MyDrive/Skin Tone Fairness/DDI/000508.png,dermatofibroma,False,34,Medium,111,0.12521140277385712
509,000509.png,/content/drive/MyDrive/Skin Tone Fairness/DDI/000509.png,lichenoid-keratosis,False,34,Medium,10,0.09740835428237915
510,000510.png,/content/drive/MyDrive/Skin Tone Fairness/DDI/000510.png,angioma,False,34,Medium,62,0.4006764888763428
511,000511.png,/content/drive/MyDrive/Skin Tone Fairness/DDI/000511.png,basal-cell-carcinoma,True,34,Medium,41,0.14686177670955658
512,000512.png,/content/drive/MyDrive/Skin Tone Fairness/DDI/000512.png,basal-cell-carcinoma,True,34,Medium,11,0.29079413414001465
513,000513.png,/content/drive/MyDrive/Skin Tone Fairness/DDI/000513.png,dysplastic-nevus,False,34,Medium,64,0.17134812474250793
514,000514.png,/content/drive/MyDrive/Skin Tone Fairness/DDI/000514.png,angioma,False,34,Medium,32,0.5356425046920776
515,000515.png,/content/drive/MyDrive/Skin Tone Fairness/DDI/000515.png,acquired-digital-fibrokeratoma,False,34,Medium,86,0.5953439474105835
516,000516.png,/content/drive/MyDrive/Skin Tone Fairness/DDI/000516.png,melanocytic-nevi,False,34,Medium,48,0.12194164842367172
517,000517.png,/content/drive/MyDrive/Skin Tone Fairness/DDI/000517.png,pyogenic-granuloma,False,34,Medium,56,0.6757259964942932
518,000518.png,/content/drive/MyDrive/Skin Tone Fairness/DDI/000518.png,trichilemmoma,False,34,Medium,61,0.17366251349449158
519,000519.png,/content/drive/MyDrive/Skin Tone Fairness/DDI/000519.png,basal-cell-carcinoma,True,34,Medium,45,0.13083142042160034
520,000520.png,/content/drive/MyDrive/Skin Tone Fairness/DDI/000520.png,squamous-cell-carcinoma-in-situ,True,34,Medium,32,0.1761414110660553
521,000521.png,/content/drive/MyDrive/Skin Tone Fairness/DDI/000521.png,squamous-cell-carcinoma-in-situ,True,34,Medium,32,0.4499514102935791
522,000522.png,/content/drive/MyDrive/Skin Tone Fairness/DDI/000522.png,melanoma-in-situ,True,34,Medium,61,0.22474318742752075
523,000523.png,/content/drive/MyDrive/Skin Tone Fairness/DDI/000523.png,eccrine-poroma,False,34,Medium,30,0.0652526468038559
524,000524.png,/content/drive/MyDrive/Skin Tone Fairness/DDI/000524.png,epidermal-cyst,False,34,Medium,38,0.24932780861854553
525,000525.png,/content/drive/MyDrive/Skin Tone Fairness/DDI/000525.png,reactive-lymphoid-hyperplasia,False,34,Medium,76,0.29119592905044556
526,000526.png,/content/drive/MyDrive/Skin Tone Fairness/DDI/000526.png,melanocytic-nevi,False,34,Medium,62,0.30023589730262756
527,000527.png,/content/drive/MyDrive/Skin Tone Fairness/DDI/000527.png,dysplastic-nevus,False,34,Medium,41,0.13140513002872467
528,000528.png,/content/drive/MyDrive/Skin Tone Fairness/DDI/000528.png,dysplastic-nevus,False,34,Medium,64,0.7430099844932556
529,000529.png,/content/drive/MyDrive/Skin Tone Fairness/DDI/000529.png,melanocytic-nevi,False,34,Medium,56,0.39762431383132935
530,000530.png,/content/drive/MyDrive/Skin Tone Fairness/DDI/000530.png,pyogenic-granuloma,False,34,Medium,48,0.3060786724090576
531,000531.png,/content/drive/MyDrive/Skin Tone Fairness/DDI/000531.png,coccidioidomycosis,False,34,Medium,91,0.6716595888137817
532,000532.png,/content/drive/MyDrive/Skin Tone Fairness/DDI/000532.png,squamous-cell-carcinoma,True,34,Medium,48,0.3747307062149048
533,000533.png,/content/drive/MyDrive/Skin Tone Fairness/DDI/000533.png,leukemia-cutis,True,34,Medium,91,0.4813041687011719
534,000534.png,/content/drive/MyDrive/Skin Tone Fairness/DDI/000534.png,seborrheic-keratosis,False,34,Medium,73,0.606978714466095
535,000535.png,/content/drive/MyDrive/Skin Tone Fairness/DDI/000535.png,sebaceous-carcinoma,True,34,Medium,8,0.459134966135025
536,000536.png,/content/drive/MyDrive/Skin Tone Fairness/DDI/000536.png,angioma,False,34,Medium,77,0.3267642557621002
537,000537.png,/content/drive/MyDrive/Skin Tone Fairness/DDI/000537.png,basal-cell-carcinoma,True,34,Medium,61,0.3006223142147064
538,000538.png,/content/drive/MyDrive/Skin Tone Fairness/DDI/000538.png,actinic-keratosis,False,34,Medium,86,0.2650378346443176
539,000539.png,/content/drive/MyDrive/Skin Tone Fairness/DDI/000539.png,acrochordon,False,34,Medium,103,0.13023772835731506
540,000540.png,/content/drive/MyDrive/Skin Tone Fairness/DDI/000540.png,verruca-vulgaris,False,34,Medium,62,0.585521936416626
541,000541.png,/content/drive/MyDrive/Skin Tone Fairness/DDI/000541.png,basal-cell-carcinoma,True,34,Medium,98,0.4035792350769043
542,000542.png,/content/drive/MyDrive/Skin Tone Fairness/DDI/000542.png,seborrheic-keratosis,False,34,Medium,10,0.1184840202331543
543,000543.png,/content/drive/MyDrive/Skin Tone Fairness/DDI/000543.png,basal-cell-carcinoma,True,34,Medium,8,0.7007982730865479
544,000544.png,/content/drive/MyDrive/Skin Tone Fairness/DDI/000544.png,angioma,False,34,Medium,32,0.380591481924057
545,000545.png,/content/drive/MyDrive/Skin Tone Fairness/DDI/000545.png,chondroid-syringoma,False,34,Medium,40,0.12446026504039764
546,000546.png,/content/drive/MyDrive/Skin Tone Fairness/DDI/000546.png,squamous-cell-carcinoma-in-situ,True,34,Medium,5,0.2883387804031372
547,000547.png,/content/drive/MyDrive/Skin Tone Fairness/DDI/000547.png,metastatic-carcinoma,True,34,Medium,40,0.2842734754085541
548,000548.png,/content/drive/MyDrive/Skin Tone Fairness/DDI/000548.png,melanocytic-nevi,False,34,Medium,8,0.2653539180755615
549,000549.png,/content/drive/MyDrive/Skin Tone Fairness/DDI/000549.png,dermatofibroma,False,34,Medium,73,0.08110326528549194
550,000550.png,/content/drive/MyDrive/Skin Tone Fairness/DDI/000550.png,tinea-pedis,False,34,Medium,34,0.27334603667259216
551,000551.png,/content/drive/MyDrive/Skin Tone Fairness/DDI/000551.png,basal-cell-carcinoma,True,34,Medium,91,0.2328873723745346
552,000552.png,/content/drive/MyDrive/Skin Tone Fairness/DDI/000552.png,basal-cell-carcinoma,True,34,Medium,32,0.2996668219566345
553,000553.png,/content/drive/MyDrive/Skin Tone Fairness/DDI/000553.png,nevus-lipomatosus-superficialis,False,34,Medium,41,0.46347156167030334
554,000554.png,/content/drive/MyDrive/Skin Tone Fairness/DDI/000554.png,basal-cell-carcinoma,True,34,Medium,8,0.23091012239456177
555,000555.png,/content/drive/MyDrive/Skin Tone Fairness/DDI/000555.png,basal-cell-carcinoma,True,34,Medium,22,0.1464158147573471
556,000556.png,/content/drive/MyDrive/Skin Tone Fairness/DDI/000556.png,actinic-keratosis,False,34,Medium,64,0.804239809513092
557,000557.png,/content/drive/MyDrive/Skin Tone Fairness/DDI/000557.png,basal-cell-carcinoma,True,34,Medium,54,0.1343049854040146
558,000558.png,/content/drive/MyDrive/Skin Tone Fairness/DDI/000558.png,basal-cell-carcinoma,True,34,Medium,0,0.11471657454967499
559,000559.png,/content/drive/MyDrive/Skin Tone Fairness/DDI/000559.png,squamous-cell-carcinoma-in-situ,True,34,Medium,41,0.1501673460006714
560,000560.png,/content/drive/MyDrive/Skin Tone Fairness/DDI/000560.png,basal-cell-carcinoma,True,34,Medium,37,0.2562900483608246
561,000561.png,/content/drive/MyDrive/Skin Tone Fairness/DDI/000561.png,solar-lentigo,False,34,Medium,56,0.6829593181610107
562,000562.png,/content/drive/MyDrive/Skin Tone Fairness/DDI/000562.png,squamous-cell-carcinoma-keratoacanthoma,True,34,Medium,72,0.11661085486412048
563,000563.png,/content/drive/MyDrive/Skin Tone Fairness/DDI/000563.png,melanocytic-nevi,False,34,Medium,8,0.4700791835784912
564,000564.png,/content/drive/MyDrive/Skin Tone Fairness/DDI/000564.png,squamous-cell-carcinoma-in-situ,True,34,Medium,42,0.2702254354953766
565,000565.png,/content/drive/MyDrive/Skin Tone Fairness/DDI/000565.png,basal-cell-carcinoma,True,34,Medium,75,0.13549944758415222
566,000566.png,/content/drive/MyDrive/Skin Tone Fairness/DDI/000566.png,basal-cell-carcinoma,True,34,Medium,8,0.3577215373516083
567,000567.png,/content/drive/MyDrive/Skin Tone Fairness/DDI/000567.png,squamous-cell-carcinoma,True,34,Medium,42,0.37514054775238037
568,000568.png,/content/drive/MyDrive/Skin Tone Fairness/DDI/000568.png,solar-lentigo,False,34,Medium,8,0.12144727259874344
569,000569.png,/content/drive/MyDrive/Skin Tone Fairness/DDI/000569.png,seborrheic-keratosis,False,34,Medium,58,0.1314171850681305
570,000570.png,/content/drive/MyDrive/Skin Tone Fairness/DDI/000570.png,melanoma,True,34,Medium,96,0.41219764947891235
571,000571.png,/content/drive/MyDrive/Skin Tone Fairness/DDI/000571.png,melanocytic-nevi,False,34,Medium,7,0.17470669746398926
572,000572.png,/content/drive/MyDrive/Skin Tone Fairness/DDI/000572.png,lipoma,False,34,Medium,93,0.5056785345077515
573,000573.png,/content/drive/MyDrive/Skin Tone Fairness/DDI/000573.png,angioma,False,34,Medium,7,0.23295414447784424
574,000574.png,/content/drive/MyDrive/Skin Tone Fairness/DDI/000574.png,squamous-cell-carcinoma-in-situ,True,34,Medium,48,0.10675487667322159
575,000575.png,/content/drive/MyDrive/Skin Tone Fairness/DDI/000575.png,squamous-cell-carcinoma-in-situ,True,34,Medium,1,0.139247328042984
576,000576.png,/content/drive/MyDrive/Skin Tone Fairness/DDI/000576.png,dysplastic-nevus,False,34,Medium,103,0.7107265591621399
577,000577.png,/content/drive/MyDrive/Skin Tone Fairness/DDI/000577.png,pyogenic-granuloma,False,34,Medium,42,0.5044232606887817
578,000578.png,/content/drive/MyDrive/Skin Tone Fairness/DDI/000578.png,angioma,False,34,Medium,42,0.11009423434734344
579,000579.png,/content/drive/MyDrive/Skin Tone Fairness/DDI/000579.png,basal-cell-carcinoma,True,34,Medium,91,0.08349698036909103
580,000580.png,/content/drive/MyDrive/Skin Tone Fairness/DDI/000580.png,melanocytic-nevi,False,34,Medium,62,0.5308632254600525
581,000581.png,/content/drive/MyDrive/Skin Tone Fairness/DDI/000581.png,squamous-cell-carcinoma,True,34,Medium,76,0.42079973220825195
582,000582.png,/content/drive/MyDrive/Skin Tone Fairness/DDI/000582.png,basal-cell-carcinoma,True,34,Medium,76,0.32767143845558167
583,000583.png,/content/drive/MyDrive/Skin Tone Fairness/DDI/000583.png,basal-cell-carcinoma,True,34,Medium,76,0.2995312809944153
584,000584.png,/content/drive/MyDrive/Skin Tone Fairness/DDI/000584.png,kaposi-sarcoma,True,34,Medium,86,0.31375133991241455
585,000585.png,/content/drive/MyDrive/Skin Tone Fairness/DDI/000585.png,squamous-cell-carcinoma,True,34,Medium,13,0.45446935296058655
586,000586.png,/content/drive/MyDrive/Skin Tone Fairness/DDI/000586.png,dysplastic-nevus,False,34,Medium,0,0.3753427267074585
587,000587.png,/content/drive/MyDrive/Skin Tone Fairness/DDI/000587.png,squamous-cell-carcinoma,True,34,Medium,98,0.25156933069229126
588,000588.png,/content/drive/MyDrive/Skin Tone Fairness/DDI/000588.png,basal-cell-carcinoma,True,34,Medium,8,0.4064350426197052
589,000589.png,/content/drive/MyDrive/Skin Tone Fairness/DDI/000589.png,basal-cell-carcinoma,True,34,Medium,33,0.237638458609581
590,000590.png,/content/drive/MyDrive/Skin Tone Fairness/DDI/000590.png,basal-cell-carcinoma,True,34,Medium,8,0.30959489941596985
591,000591.png,/content/drive/MyDrive/Skin Tone Fairness/DDI/000591.png,squamous-cell-carcinoma-keratoacanthoma,True,34,Medium,46,0.39812546968460083
592,000592.png,/content/drive/MyDrive/Skin Tone Fairness/DDI/000592.png,squamous-cell-carcinoma-in-situ,True,34,Medium,62,0.380515456199646
593,000593.png,/content/drive/MyDrive/Skin Tone Fairness/DDI/000593.png,metastatic-carcinoma,True,34,Medium,31,0.462875634431839
594,000594.png,/content/drive/MyDrive/Skin Tone Fairness/DDI/000594.png,melanoma-in-situ,True,34,Medium,12,0.17135408520698547
595,000595.png,/content/drive/MyDrive/Skin Tone Fairness/DDI/000595.png,seborrheic-keratosis,False,34,Medium,56,0.4231586456298828
596,000596.png,/content/drive/MyDrive/Skin Tone Fairness/DDI/000596.png,squamous-cell-carcinoma,True,34,Medium,35,0.14203189313411713
597,000597.png,/content/drive/MyDrive/Skin Tone Fairness/DDI/000597.png,verruca-vulgaris,False,34,Medium,56,0.7230985164642334
598,000598.png,/content/drive/MyDrive/Skin Tone Fairness/DDI/000598.png,basal-cell-carcinoma,True,34,Medium,5,0.15297316014766693
599,000599.png,/content/drive/MyDrive/Skin Tone Fairness/DDI/000599.png,clear-cell-acanthoma,False,34,Medium,106,0.06370039284229279
600,000600.png,/content/drive/MyDrive/Skin Tone Fairness/DDI/000600.png,squamous-cell-carcinoma-keratoacanthoma,True,34,Medium,40,0.2065427005290985
601,000601.png,/content/drive/MyDrive/Skin Tone Fairness/DDI/000601.png,seborrheic-keratosis,False,34,Medium,32,0.23921050131320953
602,000602.png,/content/drive/MyDrive/Skin Tone Fairness/DDI/000602.png,seborrheic-keratosis,False,34,Medium,16,0.35909542441368103
603,000603.png,/content/drive/MyDrive/Skin Tone Fairness/DDI/000603.png,solar-lentigo,False,34,Medium,96,0.33494582772254944
604,000604.png,/content/drive/MyDrive/Skin Tone Fairness/DDI/000604.png,abscess,False,34,Medium,76,0.332085520029068
605,000605.png,/content/drive/MyDrive/Skin Tone Fairness/DDI/000605.png,seborrheic-keratosis,False,34,Medium,96,0.6814486980438232
606,000606.png,/content/drive/MyDrive/Skin Tone Fairness/DDI/000606.png,verruca-vulgaris,False,34,Medium,5,0.23893283307552338
607,000607.png,/content/drive/MyDrive/Skin Tone Fairness/DDI/000607.png,acrochordon,False,34,Medium,57,0.17048732936382294
608,000608.png,/content/drive/MyDrive/Skin Tone Fairness/DDI/000608.png,seborrheic-keratosis,False,34,Medium,56,0.16149123013019562
609,000609.png,/content/drive/MyDrive/Skin Tone Fairness/DDI/000609.png,blastic-plasmacytoid-dendritic-cell-neoplasm,True,34,Medium,10,0.28709423542022705
610,000610.png,/content/drive/MyDrive/Skin Tone Fairness/DDI/000610.png,mycosis-fungoides,True,34,Medium,96,0.2953443229198456
611,000611.png,/content/drive/MyDrive/Skin Tone Fairness/DDI/000611.png,dysplastic-nevus,False,34,Medium,48,0.12562696635723114
612,000612.png,/content/drive/MyDrive/Skin Tone Fairness/DDI/000612.png,dermatofibroma,False,34,Medium,71,0.19266748428344727
613,000613.png,/content/drive/MyDrive/Skin Tone Fairness/DDI/000613.png,dermatofibroma,False,34,Medium,37,0.1074390783905983
614,000614.png,/content/drive/MyDrive/Skin Tone Fairness/DDI/000614.png,melanocytic-nevi,False,34,Medium,103,0.39029714465141296
615,000615.png,/content/drive/MyDrive/Skin Tone Fairness/DDI/000615.png,melanocytic-nevi,False,34,Medium,37,0.30599406361579895
616,000616.png,/content/drive/MyDrive/Skin Tone Fairness/DDI/000616.png,basal-cell-carcinoma,True,34,Medium,80,0.09306363016366959
617,000617.png,/content/drive/MyDrive/Skin Tone Fairness/DDI/000617.png,pyogenic-granuloma,False,34,Medium,8,0.2679447829723358
618,000618.png,/content/drive/MyDrive/Skin Tone Fairness/DDI/000618.png,acrochordon,False,34,Medium,10,0.2970673441886902
619,000619.png,/content/drive/MyDrive/Skin Tone Fairness/DDI/000619.png,dermatofibroma,False,34,Medium,16,0.12088035047054291
620,000620.png,/content/drive/MyDrive/Skin Tone Fairness/DDI/000620.png,melanocytic-nevi,False,34,Medium,8,0.7886159420013428
621,000621.png,/content/drive/MyDrive/Skin Tone Fairness/DDI/000621.png,dermatofibroma,False,34,Medium,0,0.22512659430503845
622,000622.png,/content/drive/MyDrive/Skin Tone Fairness/DDI/000622.png,trichilemmoma,False,34,Medium,77,0.13030877709388733
623,000623.png,/content/drive/MyDrive/Skin Tone Fairness/DDI/000623.png,seborrheic-keratosis,False,34,Medium,42,0.38915881514549255
624,000624.png,/content/drive/MyDrive/Skin Tone Fairness/DDI/000624.png,melanocytic-nevi,False,34,Medium,37,0.19639752805233002
625,000625.png,/content/drive/MyDrive/Skin Tone Fairness/DDI/000625.png,dysplastic-nevus,False,34,Medium,98,0.22831112146377563
626,000626.png,/content/drive/MyDrive/Skin Tone Fairness/DDI/000626.png,melanocytic-nevi,False,34,Medium,55,0.08974133431911469
627,000627.png,/content/drive/MyDrive/Skin Tone Fairness/DDI/000627.png,epidermal-cyst,False,34,Medium,8,0.25354501605033875
628,000628.png,/content/drive/MyDrive/Skin Tone Fairness/DDI/000628.png,melanocytic-nevi,False,34,Medium,48,0.3715134263038635
629,000629.png,/content/drive/MyDrive/Skin Tone Fairness/DDI/000629.png,melanocytic-nevi,False,34,Medium,32,0.3693665564060211
630,000630.png,/content/drive/MyDrive/Skin Tone Fairness/DDI/000630.png,basal-cell-carcinoma,True,34,Medium,37,0.09621752798557281
631,000631.png,/content/drive/MyDrive/Skin Tone Fairness/DDI/000631.png,melanocytic-nevi,False,34,Medium,69,0.21753625571727753
632,000632.png,/content/drive/MyDrive/Skin Tone Fairness/DDI/000632.png,melanocytic-nevi,False,34,Medium,31,0.08902336657047272
633,000633.png,/content/drive/MyDrive/Skin Tone Fairness/DDI/000633.png,basal-cell-carcinoma,True,34,Medium,91,0.28499239683151245
634,000634.png,/content/drive/MyDrive/Skin Tone Fairness/DDI/000634.png,dermatofibroma,False,34,Medium,8,0.6797022819519043
635,000635.png,/content/drive/MyDrive/Skin Tone Fairness/DDI/000635.png,melanoma-in-situ,True,34,Medium,8,0.3087193965911865
636,000636.png,/content/drive/MyDrive/Skin Tone Fairness/DDI/000636.png,melanocytic-nevi,False,34,Medium,48,0.21639597415924072
637,000637.png,/content/drive/MyDrive/Skin Tone Fairness/DDI/000637.png,basal-cell-carcinoma,True,34,Medium,48,0.15221217274665833
638,000638.png,/content/drive/MyDrive/Skin Tone Fairness/DDI/000638.png,melanocytic-nevi,False,34,Medium,86,0.2791965901851654
639,000639.png,/content/drive/MyDrive/Skin Tone Fairness/DDI/000639.png,nevus-lipomatosus-superficialis,False,34,Medium,0,0.3003798723220825
640,000640.png,/content/drive/MyDrive/Skin Tone Fairness/DDI/000640.png,verruca-vulgaris,False,34,Medium,40,0.1790657788515091
641,000641.png,/content/drive/MyDrive/Skin Tone Fairness/DDI/000641.png,melanocytic-nevi,False,34,Medium,41,0.2701810896396637
642,000642.png,/content/drive/MyDrive/Skin Tone Fairness/DDI/000642.png,melanocytic-nevi,False,34,Medium,93,0.3045666813850403
643,000643.png,/content/drive/MyDrive/Skin Tone Fairness/DDI/000643.png,melanocytic-nevi,False,34,Medium,69,0.23452751338481903
644,000644.png,/content/drive/MyDrive/Skin Tone Fairness/DDI/000644.png,basal-cell-carcinoma,True,34,Medium,76,0.22837863862514496
645,000645.png,/content/drive/MyDrive/Skin Tone Fairness/DDI/000645.png,melanocytic-nevi,False,34,Medium,16,0.23540811240673065
646,000646.png,/content/drive/MyDrive/Skin Tone Fairness/DDI/000646.png,melanocytic-nevi,False,34,Medium,103,0.45899030566215515
647,000647.png,/content/drive/MyDrive/Skin Tone Fairness/DDI/000647.png,solar-lentigo,False,34,Medium,19,0.31968507170677185
648,000648.png,/content/drive/MyDrive/Skin Tone Fairness/DDI/000648.png,basal-cell-carcinoma,True,34,Medium,103,0.43512585759162903
649,000649.png,/content/drive/MyDrive/Skin Tone Fairness/DDI/000649.png,acrochordon,False,34,Medium,56,0.3396334946155548
650,000650.png,/content/drive/MyDrive/Skin Tone Fairness/DDI/000650.png,blue-nevus,False,34,Medium,75,0.10708560049533844
651,000651.png,/content/drive/MyDrive/Skin Tone Fairness/DDI/000651.png,blue-nevus,False,34,Medium,0,0.21102643013000488
652,000652.png,/content/drive/MyDrive/Skin Tone Fairness/DDI/000652.png,pyogenic-granuloma,False,34,Medium,76,0.09131826460361481
653,000653.png,/content/drive/MyDrive/Skin Tone Fairness/DDI/000653.png,melanocytic-nevi,False,34,Medium,56,0.2764728367328644
654,000654.png,/content/drive/MyDrive/Skin Tone Fairness/DDI/000654.png,acral-melanotic-macule,False,34,Medium,43,0.5038887858390808
655,000655.png,/content/drive/MyDrive/Skin Tone Fairness/DDI/000655.png,squamous-cell-carcinoma,True,34,Medium,46,0.2747701406478882
656,000656.png,/content/drive/MyDrive/Skin Tone Fairness/DDI/000656.png,basal-cell-carcinoma,True,34,Medium,19,0.1812930405139923
