disease,support,raw_weight,class_weight
psoriasis,456,0.4725253856396171,0.4093410997281792
squamous cell carcinoma,406,0.5007772025416384,0.4338151918118003
lichen planus,343,0.5448293644494818,0.4719768672450716
basal cell carcinoma,329,0.5563007142925888,0.48191431209533697
allergic contact dermatitis,301,0.5815998940763732,0.5038305823945448
lupus erythematosus,287,0.5956163600341776,0.5159728201744344
neutrophilic dermatoses,250,0.6381717307235858,0.552837849581824
photodermatoses,244,0.6459704526615908,0.5595937562729663
sarcoidosis,244,0.6459704526615908,0.5595937562729663
folliculitis,239,0.6526924906398042,0.5654169490622634
scabies,237,0.6554406817025741,0.5677976625352013
acne vulgaris,234,0.6596288436886314,0.5714257995312524
scleroderma,217,0.684979697885035,0.5933868345384149
pityriasis rubra pilaris,195,0.7225871945386253,0.6259656006873839
melanoma,183,0.7459024294654277,0.6461632116420618
nematode infection,182,0.7479488048593784,0.6479359535511184
erythema multiforme,166,0.7831654546515336,0.6784435677296663
granuloma annulare,148,0.8294242120114648,0.7185167811172215
eczema,143,0.8438000520194351,0.7309703388248427
drug eruption,139,0.855854949191323,0.7414133012886925
pityriasis rosea,135,0.868441726967562,0.7523170233183264
neurofibromatosis,132,0.8782549393183061,0.760818050474957
mycosis fungoides,128,0.891872107010393,0.7726143826248514
porokeratosis actinic,128,0.891872107010393,0.7726143826248514
acne,128,0.891872107010393,0.7726143826248514
actinic keratosis,122,0.9135401750463091,0.7913850795405332
hailey hailey disease,121,0.9173073670082663,0.7946485370127859
prurigo nodularis,118,0.928894866766847,0.8046866006564077
vitiligo,116,0.9368683595089556,0.8115939084686883
kaposi sarcoma,110,0.9620800830099342,0.8334344168044759
keloid,109,0.9664832185222754,0.8372487818897173
dariers disease,107,0.9754739536930226,0.845037310366715
tungiasis,107,0.9754739536930226,0.845037310366715
pediculosis lids,106,0.9800644447124248,0.8490139784977423
dermatomyositis,106,0.9800644447124248,0.8490139784977423
urticaria,106,0.9800644447124248,0.8490139784977423
papilomatosis confluentes and reticulate,105,0.9847203590175533,0.8530473217631451
juvenile xanthogranuloma,104,0.989443265532947,0.8571386992968786
tuberous sclerosis,99,1.014121451265085,0.8785170124920854
lyme disease,91,1.0577593437928805,0.9163198130611354
ehlers danlos syndrome,89,1.069578250777276,0.9265583410420793
syringoma,89,1.069578250777276,0.9265583410420793
porphyria,89,1.069578250777276,0.9265583410420793
seborrheic dermatitis,88,1.0756382327044267,0.9318080053813507
telangiectases,87,1.0818023991154773,0.9371479230541154
fixed eruptions,87,1.0818023991154773,0.9371479230541154
necrobiosis lipoidica,86,1.0880737699089018,0.9425807101495827
superficial spreading melanoma ssm,83,1.10756320755029,0.9594640947880835
stevens johnson syndrome,79,1.135256562056439,0.9834543999298162
urticaria pigmentosa,79,1.135256562056439,0.9834543999298162
lupus subacute,78,1.1425106714066187,0.9897385175437972
pyogenic granuloma,78,1.1425106714066187,0.9897385175437972
milia,78,1.1425106714066187,0.9897385175437972
malignant melanoma,77,1.1499056396842817,0.9961446589686354
scleromyxedema,75,1.1651368415980685,1.0093392028620431
cheilitis,74,1.172982969587231,1.0161361766486352
incontinentia pigmenti,72,1.1891628093471907,1.0301525101664686
rosacea,71,1.1975079139006586,1.0373817392810891
lymphangioma,71,1.1975079139006586,1.0373817392810891
fordyce spots,70,1.2060312094616328,1.0447653323837427
lichen simplex,68,1.2236384358428052,1.0600181878473198
nevus sebaceous of jadassohn,66,1.2420400464051082,1.0759592054799423
mucinosis,65,1.2515577338395554,1.0842042241809207
pilar cyst,65,1.2515577338395554,1.0842042241809207
acrodermatitis enteropathica,65,1.2515577338395554,1.0842042241809207
epidermal nevus,64,1.261297629636366,1.0926417383925806
acanthosis nigricans,64,1.261297629636366,1.0926417383925806
hidradenitis,63,1.271268517048791,1.101279356905167
rhinophyma,63,1.271268517048791,1.101279356905167
erythema annulare centrifigum,62,1.281479673190862,1.1101251163325334
nevocytic nevus,61,1.2919409053231816,1.1191875125459325
halo nevus,58,1.3249319401757977,1.1477671124958073
lentigo maligna,58,1.3249319401757977,1.1477671124958073
dyshidrotic eczema,58,1.3249319401757977,1.1477671124958073
erythema nodosum,57,1.3365036178742469,1.1577914697446174
xeroderma pigmentosum,57,1.3365036178742469,1.1577914697446174
mucous cyst,56,1.3483838836712492,1.1680831518726056
porokeratosis of mibelli,56,1.3483838836712492,1.1680831518726056
keratosis pilaris,55,1.360586701481682,1.1786542555934008
dermatofibroma,55,1.360586701481682,1.1786542555934008
calcinosis cutis,55,1.360586701481682,1.1786542555934008
lichen amyloidosis,54,1.3731269361737843,1.1895176581019586
granuloma pyogenic,53,1.3860204297119676,1.2006870830358465
tick bite,52,1.3992840853154174,1.2121771733804798
pityriasis lichenoides chronica,52,1.3992840853154174,1.2121771733804798
naevus comedonicus,52,1.3992840853154174,1.2121771733804798
neurotic excoriations,51,1.4129359606492322,1.2240035721990987
aplasia cutis,51,1.4129359606492322,1.2240035721990987
drug induced pigmentary changes,50,1.4269953712166288,1.2361830121997621
stasis edema,49,1.4414830052987042,1.2487334153058065
congenital nevus,49,1.4414830052987042,1.2487334153058065
epidermolysis bullosa,48,1.4564210519975858,1.2616740035775542
neurodermatitis,48,1.4564210519975858,1.2616740035775542
seborrheic keratosis,48,1.4564210519975858,1.2616740035775542
striae,47,1.4718333441857847,1.275025423047028
myiasis,47,1.4718333441857847,1.275025423047028
solid cystic basal cell carcinoma,47,1.4718333441857847,1.275025423047028
factitial dermatitis,47,1.4718333441857847,1.275025423047028
acquired autoimmune bullous diseaseherpes gestationis,46,1.4877455184569663,1.2888098822807157
ichthyosis vulgaris,46,1.4877455184569663,1.2888098822807157
sun damaged skin,45,1.5041851945206763,1.303051307786321
behcets disease,44,1.5211821768976275,1.3177755187381281
langerhans cell histiocytosis,43,1.5387686822675914,1.333010423924803
basal cell carcinoma morpheiform,43,1.5387686822675914,1.333010423924803
becker nevus,43,1.5387686822675914,1.333010423924803
perioral dermatitis,43,1.5387686822675914,1.333010423924803
paronychia,42,1.5569795964170976,1.3487862443390308
livedo reticularis,42,1.5569795964170976,1.3487862443390308
port wine stain,42,1.5569795964170976,1.3487862443390308
disseminated actinic porokeratosis,41,1.5758527654519447,1.3651357654502039
pilomatricoma,38,1.636875951587788,1.4179991647106502
erythema elevatum diutinum,38,1.636875951587788,1.4179991647106502
xanthomas,37,1.6588484240229295,1.437033562234443
pustular psoriasis,37,1.6588484240229295,1.437033562234443
